Workbook

Sheet Sheet1
A1: 商品內部圖片 | B1: 廠商編號 | C1: 商品編號 | D1: 款號 | E1: 採購流水號 | F1: 單據日期 | G1: 採購貨號 | H1: 尺寸 | I1: 顏色 | J1: 顏色名稱 | K1: 是否主色 | L1: 商品名稱 | M1: 年度 | N1: 季節 | O1: 商品週數 | P1: 週數日期 | Q1: 續賣週數 | R1: 最新上架日期 | S1: 預定到貨日 | T1: 品牌 | U1: 商品大分類 | V1: 商品中分類 | W1: 台幣_售價 | X1: 美金_售價 | Y1: 馬幣_售價 | Z1: 越南盾_售價 | AA1: 總售價台幣 | AB1: 重量(克) | AC1: 採購單號 | AD1: 採購類別 | AE1: 色數 | AF1: MY_1(官網)頭單 | AG1: MY_A(門市)頭單 | AH1: MY_Z(ZALORA)頭單 | AI1: TW_1(官網)頭單 | AJ1: TW_A(門市)頭單 | AK1: 數量 | AL1: 總頭單量加總 | AM1: 一驗數量 | AN1: 二驗數量 | AO1: 總驗數量 | AP1: 是否結單 | AQ1: 結單日期 | AR1: MY_A(門市)級別 | AS1: MY_1(官網)級別 | AT1: TW_A(門市)級別 | AU1: TW_1(官網)級別 | AV1: 特別要求 | AW1: 是否企劃款 | AX1: 備註 | AY1: 商品成分 | AZ1: 彈性 | BA1: 版型 | BB1: 厚度 | BC1: 觸感 | BD1: 商品條碼 | BE1: 小白單編號 | BF1: 領標 | BG1: 品項 | BH1: 預購款
A2: https://airsblobstage.blob.core.windows.net/photo/purchasephoto/SH3626QT.webp | B2: SH | C2: 2541826022 | D2: SH3626QT | E2: 252-3626QT | F2: 20260105 | G2: 3626QT | H2: F | I2: 006 | J2: 杏 | K2: N | L2: 水手領排扣長袖針織外套 | M2: 26 | N2: 冬 | O2: W2 | P2: 2026-01-05 | S2: 20260119 | T2: OL | U2: 外套 | V2: 寬鬆外套 | W2: 1580 | X2: 64.99 | Y2: 209 | Z2: 1139000 | AA2: 869000 | AB2: 0 | AD2: Outlet追加單 | AE2: 2 | AJ2: 250 | AK2: 250 | AL2: 550 | AM2: 249 | AN2: 0 | AO2: 249 | AP2: Y | AQ2: 20260119 | AV2: 洗滌注意： ※ 首次洗滌時,深色/飽和色系 較易釋出多餘的固色劑, 屬於正常現象。 ※ 深色衣物建議在首次穿著前先下水清洗, 有助釋出多餘染劑，減少掉色或移染, 可降低染色風險。 ※ 深色與淺色衣物請分開洗滌，避免互相染色或產生移染現象。 ※ 穿搭時請避免與淺色衣物、配件、飾品一同搭配使用，以防止因摩擦或潮濕而導致染色。 | AW2: N | AX2: 3號袋、襯紙 | AY2: 主紗:亞克力纖維50%尼龍27%聚酯纖維13% 尺寸:F | BD2: 2541826022006004 | BE2: R260105021 | BF2: B | BG2: 毛織 | BH2: =IF(COUNTIF(工作表1!A:A, $C2)>0, "預購款", "非預購款") -> 非預購款
A3: https://airsblobstage.blob.core.windows.net/photo/purchasephoto/SH3626QT.webp | B3: SH | C3: 2541826022 | D3: SH3626QT | E3: 252-3626QT | F3: 20260105 | G3: 3626QT | H3: F | I3: 996 | J3: 淺藍 | K3: N | L3: 水手領排扣長袖針織外套 | M3: 26 | N3: 冬 | O3: W2 | P3: 2026-01-05 | S3: 20260119 | T3: OL | U3: 外套 | V3: 寬鬆外套 | W3: 1580 | X3: 64.99 | Y3: 209 | Z3: 1139000 | AA3: 869000 | AB3: 0 | AD3: Outlet追加單 | AE3: 2 | AJ3: 300 | AK3: 300 | AL3: 550 | AM3: 300 | AN3: 0 | AO3: 300 | AP3: Y | AQ3: 20260119 | AV3: 洗滌注意： ※ 首次洗滌時,深色/飽和色系 較易釋出多餘的固色劑, 屬於正常現象。 ※ 深色衣物建議在首次穿著前先下水清洗, 有助釋出多餘染劑，減少掉色或移染, 可降低染色風險。 ※ 深色與淺色衣物請分開洗滌，避免互相染色或產生移染現象。 ※ 穿搭時請避免與淺色衣物、配件、飾品一同搭配使用，以防止因摩擦或潮濕而導致染色。 | AW3: N | AX3: 3號袋、襯紙 | AY3: 主紗:亞克力纖維50%尼龍27%聚酯纖維13% 尺寸:F | BD3: 2541826022996004 | BE3: R260105021 | BF3: B | BG3: 毛織 | BH3: =IF(COUNTIF(工作表1!A:A, $C3)>0, "預購款", "非預購款") -> 非預購款
A4: https://airsblobstage.blob.core.windows.net/photo/purchasephoto/SH188 1QT.webp | B4: SH | C4: 2611821026 | D4: SH188-1QT | E4: 252-188-1QT | F4: 20260304 | G4: 188-1QT | H4: F | I4: 002 | J4: 白 | K4: N | L4: 長袖襯衫 | M4: 26 | N4: 春 | O4: W10 | P4: 2026-03-02 | S4: 20260318 | T4: OL | U4: 上衣 | V4: 長袖襯衫 | W4: 1180 | X4: 49.99 | Y4: 155 | Z4: 859000 | AA4: 472000 | AB4: 0 | AD4: Outlet追加單 | AE4: 2 | AJ4: 200 | AK4: 200 | AL4: 400 | AM4: 200 | AN4: 0 | AO4: 200 | AP4: Y | AQ4: 20260312 | AV4: 洗滌注意： ※ 首次洗滌時,深色/飽和色系 較易釋出多餘的固色劑, 屬於正常現象。 ※ 深色衣物建議在首次穿著前先下水清洗, 有助釋出多餘染劑，減少掉色或移染, 可降低染色風險。 ※ 深色與淺色衣物請分開洗滌，避免互相染色或產生移染現象。 ※ 穿搭時請避免與淺色衣物、配件、飾品一同搭配使用，以防止因摩擦或潮濕而導致染色。 | AW4: N | AX4: 2號袋、襯紙、領標*2、洗標*2、成分標*2 | AY4: 表布:棉100% 外件表布:嫘縈50%聚酯纖維28%尼龍22% 尺寸:F | BD4: 2611821026002004 | BE4: R260304086 | BF4: B | BG4: 平織 | BH4: =IF(COUNTIF(工作表1!A:A, $C4)>0, "預購款", "非預購款") -> 非預購款
A5: https://airsblobstage.blob.core.windows.net/photo/purchasephoto/SH188 1QT.webp | B5: SH | C5: 2611821026 | D5: SH188-1QT | E5: 252-188-1QT | F5: 20260304 | G5: 188-1QT | H5: F | I5: 003 | J5: 藍 | K5: N | L5: 長袖襯衫 | M5: 26 | N5: 春 | O5: W10 | P5: 2026-03-02 | S5: 20260318 | T5: OL | U5: 上衣 | V5: 長袖襯衫 | W5: 1180 | X5: 49.99 | Y5: 155 | Z5: 859000 | AA5: 472000 | AB5: 0 | AD5: Outlet追加單 | AE5: 2 | AJ5: 200 | AK5: 200 | AL5: 400 | AM5: 200 | AN5: 0 | AO5: 200 | AP5: Y | AQ5: 20260312 | AV5: 洗滌注意： ※ 首次洗滌時,深色/飽和色系 較易釋出多餘的固色劑, 屬於正常現象。 ※ 深色衣物建議在首次穿著前先下水清洗, 有助釋出多餘染劑，減少掉色或移染, 可降低染色風險。 ※ 深色與淺色衣物請分開洗滌，避免互相染色或產生移染現象。 ※ 穿搭時請避免與淺色衣物、配件、飾品一同搭配使用，以防止因摩擦或潮濕而導致染色。 | AW5: N | AX5: 2號袋、襯紙、領標*2、洗標*2、成分標*2 | AY5: 表布:棉100% 外件表布:嫘縈50%聚酯纖維28%尼龍22% 尺寸:F | BD5: 2611821026003004 | BE5: R260304086 | BF5: B | BG5: 平織 | BH5: =IF(COUNTIF(工作表1!A:A, $C5)>0, "預購款", "非預購款") -> 非預購款
A6: https://airsblobstage.blob.core.windows.net/photo/purchasephoto/SH60037QT.webp | B6: SH | C6: 2611834002 | D6: SH60037QT | E6: 252-60037QT | F6: 20260304 | G6: 60037QT | H6: S | I6: 001 | J6: 黑 | K6: N | L6: 側開衩短褲裙 | M6: 26 | N6: 春 | O6: W10 | P6: 2026-03-02 | S6: 20260318 | T6: OL | U6: 褲裙 | V6: 短褲 | W6: 1080 | X6: 44.99 | Y6: 139 | Z6: 779000 | AA6: 486000 | AB6: 0 | AD6: Outlet追加單 | AE6: 2 | AJ6: 80 | AK6: 80 | AL6: 450 | AM6: 80 | AN6: 0 | AO6: 80 | AP6: Y | AQ6: 20260320 | AV6: 洗滌注意： ※ 首次洗滌時,深色/飽和色系 較易釋出多餘的固色劑, 屬於正常現象。 ※ 深色衣物建議在首次穿著前先下水清洗, 有助釋出多餘染劑，減少掉色或移染, 可降低染色風險。 ※ 深色與淺色衣物請分開洗滌，避免互相染色或產生移染現象。 ※ 穿搭時請避免與淺色衣物、配件、飾品一同搭配使用，以防止因摩擦或潮濕而導致染色。 | AW6: N | AX6: 2號袋、襯紙 | AY6: 表布:聚酯纖維96%彈性纖維4% 裡布:聚酯纖維100% 尺寸:S.M.L | BD6: 2611834002001001 | BE6: R260304087 | BF6: B | BG6: 平織 | BH6: =IF(COUNTIF(工作表1!A:A, $C6)>0, "預購款", "非預購款") -> 非預購款
A7: https://airsblobstage.blob.core.windows.net/photo/purchasephoto/SH60037QT.webp | B7: SH | C7: 2611834002 | D7: SH60037QT | E7: 252-60037QT | F7: 20260304 | G7: 60037QT | H7: M | I7: 001 | J7: 黑 | K7: N | L7: 側開衩短褲裙 | M7: 26 | N7: 春 | O7: W10 | P7: 2026-03-02 | S7: 20260318 | T7: OL | U7: 褲裙 | V7: 短褲 | W7: 1080 | X7: 44.99 | Y7: 139 | Z7: 779000 | AA7: 486000 | AB7: 0 | AD7: Outlet追加單 | AE7: 2 | AJ7: 80 | AK7: 80 | AL7: 450 | AM7: 80 | AN7: 0 | AO7: 80 | AP7: Y | AQ7: 20260320 | AV7: 洗滌注意： ※ 首次洗滌時,深色/飽和色系 較易釋出多餘的固色劑, 屬於正常現象。 ※ 深色衣物建議在首次穿著前先下水清洗, 有助釋出多餘染劑，減少掉色或移染, 可降低染色風險。 ※ 深色與淺色衣物請分開洗滌，避免互相染色或產生移染現象。 ※ 穿搭時請避免與淺色衣物、配件、飾品一同搭配使用，以防止因摩擦或潮濕而導致染色。 | AW7: N | AX7: 2號袋、襯紙 | AY7: 表布:聚酯纖維96%彈性纖維4% 裡布:聚酯纖維100% 尺寸:S.M.L | BD7: 2611834002001002 | BE7: R260304087 | BF7: B | BG7: 平織 | BH7: =IF(COUNTIF(工作表1!A:A, $C7)>0, "預購款", "非預購款") -> 非預購款
A8: https://airsblobstage.blob.core.windows.net/photo/purchasephoto/SH60037QT.webp | B8: SH | C8: 2611834002 | D8: SH60037QT | E8: 252-60037QT | F8: 20260304 | G8: 60037QT | H8: L | I8: 001 | J8: 黑 | K8: N | L8: 側開衩短褲裙 | M8: 26 | N8: 春 | O8: W10 | P8: 2026-03-02 | S8: 20260318 | T8: OL | U8: 褲裙 | V8: 短褲 | W8: 1080 | X8: 44.99 | Y8: 139 | Z8: 779000 | AA8: 486000 | AB8: 0 | AD8: Outlet追加單 | AE8: 2 | AJ8: 60 | AK8: 60 | AL8: 450 | AM8: 60 | AN8: 0 | AO8: 60 | AP8: Y | AQ8: 20260320 | AV8: 洗滌注意： ※ 首次洗滌時,深色/飽和色系 較易釋出多餘的固色劑, 屬於正常現象。 ※ 深色衣物建議在首次穿著前先下水清洗, 有助釋出多餘染劑，減少掉色或移染, 可降低染色風險。 ※ 深色與淺色衣物請分開洗滌，避免互相染色或產生移染現象。 ※ 穿搭時請避免與淺色衣物、配件、飾品一同搭配使用，以防止因摩擦或潮濕而導致染色。 | AW8: N | AX8: 2號袋、襯紙 | AY8: 表布:聚酯纖維96%彈性纖維4% 裡布:聚酯纖維100% 尺寸:S.M.L | BD8: 2611834002001003 | BE8: R260304087 | BF8: B | BG8: 平織 | BH8: =IF(COUNTIF(工作表1!A:A, $C8)>0, "預購款", "非預購款") -> 非預購款
A9: https://airsblobstage.blob.core.windows.net/photo/purchasephoto/SH60037QT.webp | B9: SH | C9: 2611834002 | D9: SH60037QT | E9: 252-60037QT | F9: 20260304 | G9: 60037QT | H9: S | I9: 210 | J9: 深灰 | K9: N | L9: 側開衩短褲裙 | M9: 26 | N9: 春 | O9: W10 | P9: 2026-03-02 | S9: 20260318 | T9: OL | U9: 褲裙 | V9: 短褲 | W9: 1080 | X9: 44.99 | Y9: 139 | Z9: 779000 | AA9: 486000 | AB9: 0 | AD9: Outlet追加單 | AE9: 2 | AJ9: 80 | AK9: 80 | AL9: 450 | AM9: 80 | AN9: 0 | AO9: 80 | AP9: Y | AQ9: 20260320 | AV9: 洗滌注意： ※ 首次洗滌時,深色/飽和色系 較易釋出多餘的固色劑, 屬於正常現象。 ※ 深色衣物建議在首次穿著前先下水清洗, 有助釋出多餘染劑，減少掉色或移染, 可降低染色風險。 ※ 深色與淺色衣物請分開洗滌，避免互相染色或產生移染現象。 ※ 穿搭時請避免與淺色衣物、配件、飾品一同搭配使用，以防止因摩擦或潮濕而導致染色。 | AW9: N | AX9: 2號袋、襯紙 | AY9: 表布:聚酯纖維96%彈性纖維4% 裡布:聚酯纖維100% 尺寸:S.M.L | BD9: 2611834002210001 | BE9: R260304087 | BF9: B | BG9: 平織 | BH9: =IF(COUNTIF(工作表1!A:A, $C9)>0, "預購款", "非預購款") -> 非預購款
A10: https://airsblobstage.blob.core.windows.net/photo/purchasephoto/SH60037QT.webp | B10: SH | C10: 2611834002 | D10: SH60037QT | E10: 252-60037QT | F10: 20260304 | G10: 60037QT | H10: M | I10: 210 | J10: 深灰 | K10: N | L10: 側開衩短褲裙 | M10: 26 | N10: 春 | O10: W10 | P10: 2026-03-02 | S10: 20260318 | T10: OL | U10: 褲裙 | V10: 短褲 | W10: 1080 | X10: 44.99 | Y10: 139 | Z10: 779000 | AA10: 486000 | AB10: 0 | AD10: Outlet追加單 | AE10: 2 | AJ10: 100 | AK10: 100 | AL10: 450 | AM10: 100 | AN10: 0 | AO10: 100 | AP10: Y | AQ10: 20260320 | AV10: 洗滌注意： ※ 首次洗滌時,深色/飽和色系 較易釋出多餘的固色劑, 屬於正常現象。 ※ 深色衣物建議在首次穿著前先下水清洗, 有助釋出多餘染劑，減少掉色或移染, 可降低染色風險。 ※ 深色與淺色衣物請分開洗滌，避免互相染色或產生移染現象。 ※ 穿搭時請避免與淺色衣物、配件、飾品一同搭配使用，以防止因摩擦或潮濕而導致染色。 | AW10: N | AX10: 2號袋、襯紙 | AY10: 表布:聚酯纖維96%彈性纖維4% 裡布:聚酯纖維100% 尺寸:S.M.L | BD10: 2611834002210002 | BE10: R260304087 | BF10: B | BG10: 平織 | BH10: =IF(COUNTIF(工作表1!A:A, $C10)>0, "預購款", "非預購款") -> 非預購款
A11: https://airsblobstage.blob.core.windows.net/photo/purchasephoto/SH60037QT.webp | B11: SH | C11: 2611834002 | D11: SH60037QT | E11: 252-60037QT | F11: 20260304 | G11: 60037QT | H11: L | I11: 210 | J11: 深灰 | K11: N | L11: 側開衩短褲裙 | M11: 26 | N11: 春 | O11: W10 | P11: 2026-03-02 | S11: 20260318 | T11: OL | U11: 褲裙 | V11: 短褲 | W11: 1080 | X11: 44.99 | Y11: 139 | Z11: 779000 | AA11: 486000 | AB11: 0 | AD11: Outlet追加單 | AE11: 2 | AJ11: 50 | AK11: 50 | AL11: 450 | AM11: 50 | AN11: 0 | AO11: 50 | AP11: Y | AQ11: 20260320 | AV11: 洗滌注意： ※ 首次洗滌時,深色/飽和色系 較易釋出多餘的固色劑, 屬於正常現象。 ※ 深色衣物建議在首次穿著前先下水清洗, 有助釋出多餘染劑，減少掉色或移染, 可降低染色風險。 ※ 深色與淺色衣物請分開洗滌，避免互相染色或產生移染現象。 ※ 穿搭時請避免與淺色衣物、配件、飾品一同搭配使用，以防止因摩擦或潮濕而導致染色。 | AW11: N | AX11: 2號袋、襯紙 | AY11: 表布:聚酯纖維96%彈性纖維4% 裡布:聚酯纖維100% 尺寸:S.M.L | BD11: 2611834002210003 | BE11: R260304087 | BF11: B | BG11: 平織 | BH11: =IF(COUNTIF(工作表1!A:A, $C11)>0, "預購款", "非預購款") -> 非預購款
B12: SH | C12: 2611822011 | D12: SH2581QT | E12: 252-2581QT | F12: 20260311 | G12: 2581QT | H12: S | I12: 001 | J12: 黑 | K12: N | L12: 長裙 | M12: 26 | N12: 春 | O12: W10 | P12: 2026-03-02 | S12: 20260325 | T12: OL | U12: 裙子 | V12: 長裙 | W12: 1380 | X12: 54.99 | Y12: 179 | Z12: 989000 | AA12: 248400 | AB12: 0 | AD12: Outlet追加單 | AE12: 2 | AJ12: 45 | AK12: 45 | AL12: 180 | AM12: 47 | AN12: 0 | AO12: 47 | AP12: Y | AQ12: 20260320 | AV12: 洗滌注意： ※ 首次洗滌時,深色/飽和色系 較易釋出多餘的固色劑, 屬於正常現象。 ※ 深色衣物建議在首次穿著前先下水清洗, 有助釋出多餘染劑，減少掉色或移染, 可降低染色風險。 ※ 深色與淺色衣物請分開洗滌，避免互相染色或產生移染現象。 ※ 穿搭時請避免與淺色衣物、配件、飾品一同搭配使用，以防止因摩擦或潮濕而導致染色。 | AW12: N | AX12: 2號袋、襯紙 | AY12: 表布:嫘縈50%聚酯纖維45%彈性纖維5% 尺寸:S.M.L | BD12: 2611822011001001 | BE12: R260311036 | BF12: B | BG12: 針織 | BH12: =IF(COUNTIF(工作表1!A:A, $C12)>0, "預購款", "非預購款") -> 非預購款
B13: SH | C13: 2611822011 | D13: SH2581QT | E13: 252-2581QT | F13: 20260311 | G13: 2581QT | H13: M | I13: 001 | J13: 黑 | K13: N | L13: 長裙 | M13: 26 | N13: 春 | O13: W10 | P13: 2026-03-02 | S13: 20260325 | T13: OL | U13: 裙子 | V13: 長裙 | W13: 1380 | X13: 54.99 | Y13: 179 | Z13: 989000 | AA13: 248400 | AB13: 0 | AD13: Outlet追加單 | AE13: 2 | AJ13: 30 | AK13: 30 | AL13: 180 | AM13: 32 | AN13: 0 | AO13: 32 | AP13: Y | AQ13: 20260320 | AV13: 洗滌注意： ※ 首次洗滌時,深色/飽和色系 較易釋出多餘的固色劑, 屬於正常現象。 ※ 深色衣物建議在首次穿著前先下水清洗, 有助釋出多餘染劑，減少掉色或移染, 可降低染色風險。 ※ 深色與淺色衣物請分開洗滌，避免互相染色或產生移染現象。 ※ 穿搭時請避免與淺色衣物、配件、飾品一同搭配使用，以防止因摩擦或潮濕而導致染色。 | AW13: N | AX13: 2號袋、襯紙 | AY13: 表布:嫘縈50%聚酯纖維45%彈性纖維5% 尺寸:S.M.L | BD13: 2611822011001002 | BE13: R260311036 | BF13: B | BG13: 針織 | BH13: =IF(COUNTIF(工作表1!A:A, $C13)>0, "預購款", "非預購款") -> 非預購款
B14: SH | C14: 2611822011 | D14: SH2581QT | E14: 252-2581QT | F14: 20260311 | G14: 2581QT | H14: L | I14: 001 | J14: 黑 | K14: N | L14: 長裙 | M14: 26 | N14: 春 | O14: W10 | P14: 2026-03-02 | S14: 20260325 | T14: OL | U14: 裙子 | V14: 長裙 | W14: 1380 | X14: 54.99 | Y14: 179 | Z14: 989000 | AA14: 248400 | AB14: 0 | AD14: Outlet追加單 | AE14: 2 | AJ14: 15 | AK14: 15 | AL14: 180 | AM14: 15 | AN14: 0 | AO14: 15 | AP14: Y | AQ14: 20260320 | AV14: 洗滌注意： ※ 首次洗滌時,深色/飽和色系 較易釋出多餘的固色劑, 屬於正常現象。 ※ 深色衣物建議在首次穿著前先下水清洗, 有助釋出多餘染劑，減少掉色或移染, 可降低染色風險。 ※ 深色與淺色衣物請分開洗滌，避免互相染色或產生移染現象。 ※ 穿搭時請避免與淺色衣物、配件、飾品一同搭配使用，以防止因摩擦或潮濕而導致染色。 | AW14: N | AX14: 2號袋、襯紙 | AY14: 表布:嫘縈50%聚酯纖維45%彈性纖維5% 尺寸:S.M.L | BD14: 2611822011001003 | BE14: R260311036 | BF14: B | BG14: 針織 | BH14: =IF(COUNTIF(工作表1!A:A, $C14)>0, "預購款", "非預購款") -> 非預購款
B15: SH | C15: 2611822011 | D15: SH2581QT | E15: 252-2581QT | F15: 20260311 | G15: 2581QT | H15: S | I15: 210 | J15: 深灰 | K15: N | L15: 長裙 | M15: 26 | N15: 春 | O15: W10 | P15: 2026-03-02 | S15: 20260325 | T15: OL | U15: 裙子 | V15: 長裙 | W15: 1380 | X15: 54.99 | Y15: 179 | Z15: 989000 | AA15: 248400 | AB15: 0 | AD15: Outlet追加單 | AE15: 2 | AJ15: 45 | AK15: 45 | AL15: 180 | AM15: 47 | AN15: 0 | AO15: 47 | AP15: Y | AQ15: 20260320 | AV15: 洗滌注意： ※ 首次洗滌時,深色/飽和色系 較易釋出多餘的固色劑, 屬於正常現象。 ※ 深色衣物建議在首次穿著前先下水清洗, 有助釋出多餘染劑，減少掉色或移染, 可降低染色風險。 ※ 深色與淺色衣物請分開洗滌，避免互相染色或產生移染現象。 ※ 穿搭時請避免與淺色衣物、配件、飾品一同搭配使用，以防止因摩擦或潮濕而導致染色。 | AW15: N | AX15: 2號袋、襯紙 | AY15: 表布:嫘縈50%聚酯纖維45%彈性纖維5% 尺寸:S.M.L | BD15: 2611822011210001 | BE15: R260311036 | BF15: B | BG15: 針織 | BH15: =IF(COUNTIF(工作表1!A:A, $C15)>0, "預購款", "非預購款") -> 非預購款
B16: SH | C16: 2611822011 | D16: SH2581QT | E16: 252-2581QT | F16: 20260311 | G16: 2581QT | H16: M | I16: 210 | J16: 深灰 | K16: N | L16: 長裙 | M16: 26 | N16: 春 | O16: W10 | P16: 2026-03-02 | S16: 20260325 | T16: OL | U16: 裙子 | V16: 長裙 | W16: 1380 | X16: 54.99 | Y16: 179 | Z16: 989000 | AA16: 248400 | AB16: 0 | AD16: Outlet追加單 | AE16: 2 | AJ16: 30 | AK16: 30 | AL16: 180 | AM16: 31 | AN16: 0 | AO16: 31 | AP16: Y | AQ16: 20260320 | AV16: 洗滌注意： ※ 首次洗滌時,深色/飽和色系 較易釋出多餘的固色劑, 屬於正常現象。 ※ 深色衣物建議在首次穿著前先下水清洗, 有助釋出多餘染劑，減少掉色或移染, 可降低染色風險。 ※ 深色與淺色衣物請分開洗滌，避免互相染色或產生移染現象。 ※ 穿搭時請避免與淺色衣物、配件、飾品一同搭配使用，以防止因摩擦或潮濕而導致染色。 | AW16: N | AX16: 2號袋、襯紙 | AY16: 表布:嫘縈50%聚酯纖維45%彈性纖維5% 尺寸:S.M.L | BD16: 2611822011210002 | BE16: R260311036 | BF16: B | BG16: 針織 | BH16: =IF(COUNTIF(工作表1!A:A, $C16)>0, "預購款", "非預購款") -> 非預購款
B17: SH | C17: 2611822011 | D17: SH2581QT | E17: 252-2581QT | F17: 20260311 | G17: 2581QT | H17: L | I17: 210 | J17: 深灰 | K17: N | L17: 長裙 | M17: 26 | N17: 春 | O17: W10 | P17: 2026-03-02 | S17: 20260325 | T17: OL | U17: 裙子 | V17: 長裙 | W17: 1380 | X17: 54.99 | Y17: 179 | Z17: 989000 | AA17: 248400 | AB17: 0 | AD17: Outlet追加單 | AE17: 2 | AJ17: 15 | AK17: 15 | AL17: 180 | AM17: 16 | AN17: 0 | AO17: 16 | AP17: Y | AQ17: 20260320 | AV17: 洗滌注意： ※ 首次洗滌時,深色/飽和色系 較易釋出多餘的固色劑, 屬於正常現象。 ※ 深色衣物建議在首次穿著前先下水清洗, 有助釋出多餘染劑，減少掉色或移染, 可降低染色風險。 ※ 深色與淺色衣物請分開洗滌，避免互相染色或產生移染現象。 ※ 穿搭時請避免與淺色衣物、配件、飾品一同搭配使用，以防止因摩擦或潮濕而導致染色。 | AW17: N | AX17: 2號袋、襯紙 | AY17: 表布:嫘縈50%聚酯纖維45%彈性纖維5% 尺寸:S.M.L | BD17: 2611822011210003 | BE17: R260311036 | BF17: B | BG17: 針織 | BH17: =IF(COUNTIF(工作表1!A:A, $C17)>0, "預購款", "非預購款") -> 非預購款
A18: https://airsblobstage.blob.core.windows.net/photo/purchasephoto/SH0192QT.webp | B18: SH | C18: 2611829017 | D18: SH0192QT | E18: 252-0192QT | F18: 20260317 | G18: 0192QT | H18: F | I18: 010 | J18: 深藍 | K18: N | L18: 圓領愛心刺繡短袖排扣開襟麻花針織衫 | M18: 26 | N18: 春 | O18: W10 | P18: 2026-03-02 | S18: 20260331 | T18: OL | U18: 針織 | V18: 短袖針織 | W18: 1280 | X18: 49.99 | Y18: 169 | Z18: 919000 | AA18: 153600 | AB18: 0 | AD18: Outlet追加單 | AE18: 2 | AJ18: 40 | AK18: 40 | AL18: 120 | AM18: 40 | AN18: 0 | AO18: 40 | AP18: Y | AQ18: 20260408 | AV18: 洗滌注意： ※ 首次洗滌時,深色/飽和色系 較易釋出多餘的固色劑, 屬於正常現象。 ※ 深色衣物建議在首次穿著前先下水清洗, 有助釋出多餘染劑，減少掉色或移染, 可降低染色風險。 ※ 深色與淺色衣物請分開洗滌，避免互相染色或產生移染現象。 ※ 穿搭時請避免與淺色衣物、配件、飾品一同搭配使用，以防止因摩擦或潮濕而導致染色。 | AW18: N | AX18: 2號袋、襯紙 | AY18: 主紗:尼龍42%聚酯纖維30%亞克力纖維22%羊毛6% 尺寸:F | BD18: 2611829017010004 | BE18: R260317057 | BF18: B | BG18: 毛織 | BH18: =IF(COUNTIF(工作表1!A:A, $C18)>0, "預購款", "非預購款") -> 非預購款
A19: https://airsblobstage.blob.core.windows.net/photo/purchasephoto/SH0192QT.webp | B19: SH | C19: 2611829017 | D19: SH0192QT | E19: 252-0192QT | F19: 20260317 | G19: 0192QT | H19: F | I19: 035 | J19: 淺灰 | K19: N | L19: 圓領愛心刺繡短袖排扣開襟麻花針織衫 | M19: 26 | N19: 春 | O19: W10 | P19: 2026-03-02 | S19: 20260331 | T19: OL | U19: 針織 | V19: 短袖針織 | W19: 1280 | X19: 49.99 | Y19: 169 | Z19: 919000 | AA19: 153600 | AB19: 0 | AD19: Outlet追加單 | AE19: 2 | AJ19: 80 | AK19: 80 | AL19: 120 | AM19: 80 | AN19: 0 | AO19: 80 | AP19: Y | AQ19: 20260408 | AV19: 洗滌注意： ※ 首次洗滌時,深色/飽和色系 較易釋出多餘的固色劑, 屬於正常現象。 ※ 深色衣物建議在首次穿著前先下水清洗, 有助釋出多餘染劑，減少掉色或移染, 可降低染色風險。 ※ 深色與淺色衣物請分開洗滌，避免互相染色或產生移染現象。 ※ 穿搭時請避免與淺色衣物、配件、飾品一同搭配使用，以防止因摩擦或潮濕而導致染色。 | AW19: N | AX19: 2號袋、襯紙 | AY19: 主紗:尼龍42%聚酯纖維30%亞克力纖維22%羊毛6% 尺寸:F | BD19: 2611829017035004 | BE19: R260317057 | BF19: B | BG19: 毛織 | BH19: =IF(COUNTIF(工作表1!A:A, $C19)>0, "預購款", "非預購款") -> 非預購款
A20: https://airsblobstage.blob.core.windows.net/photo/purchasephoto/SH188 1QT.webp | B20: SH | C20: 2611821026 | D20: SH188-1QT | E20: 252-188-1QT | F20: 20260413 | G20: 188-1QT | H20: F | I20: 002 | J20: 白 | K20: N | L20: 長袖襯衫 | M20: 26 | N20: 春 | O20: W10 | P20: 2026-03-02 | S20: 20260427 | T20: OL | U20: 上衣 | V20: 長袖襯衫 | W20: 1180 | X20: 49.99 | Y20: 155 | Z20: 859000 | AA20: 483800 | AB20: 0 | AD20: Outlet追加單 | AE20: 2 | AJ20: 140 | AK20: 140 | AL20: 410 | AM20: 140 | AN20: 0 | AO20: 140 | AP20: Y | AQ20: 20260506 | AV20: 洗滌注意： ※ 首次洗滌時,深色/飽和色系 較易釋出多餘的固色劑, 屬於正常現象。 ※ 深色衣物建議在首次穿著前先下水清洗, 有助釋出多餘染劑，減少掉色或移染, 可降低染色風險。 ※ 深色與淺色衣物請分開洗滌，避免互相染色或產生移染現象。 ※ 穿搭時請避免與淺色衣物、配件、飾品一同搭配使用，以防止因摩擦或潮濕而導致染色。 | AW20: N | AX20: 2號袋、襯紙、領標*2、洗標*2、成分標*2 | AY20: 表布:棉100% 外件表布:嫘縈50%聚酯纖維28%尼龍22% 尺寸:F | BD20: 2611821026002004 | BE20: R260413004 | BF20: B | BG20: 平織 | BH20: =IF(COUNTIF(工作表1!A:A, $C20)>0, "預購款", "非預購款") -> 非預購款
A21: https://airsblobstage.blob.core.windows.net/photo/purchasephoto/SH188 1QT.webp | B21: SH | C21: 2611821026 | D21: SH188-1QT | E21: 252-188-1QT | F21: 20260413 | G21: 188-1QT | H21: F | I21: 003 | J21: 藍 | K21: N | L21: 長袖襯衫 | M21: 26 | N21: 春 | O21: W10 | P21: 2026-03-02 | S21: 20260427 | T21: OL | U21: 上衣 | V21: 長袖襯衫 | W21: 1180 | X21: 49.99 | Y21: 155 | Z21: 859000 | AA21: 483800 | AB21: 0 | AD21: Outlet追加單 | AE21: 2 | AJ21: 270 | AK21: 270 | AL21: 410 | AM21: 268 | AN21: 0 | AO21: 268 | AP21: Y | AQ21: 20260506 | AV21: 洗滌注意： ※ 首次洗滌時,深色/飽和色系 較易釋出多餘的固色劑, 屬於正常現象。 ※ 深色衣物建議在首次穿著前先下水清洗, 有助釋出多餘染劑，減少掉色或移染, 可降低染色風險。 ※ 深色與淺色衣物請分開洗滌，避免互相染色或產生移染現象。 ※ 穿搭時請避免與淺色衣物、配件、飾品一同搭配使用，以防止因摩擦或潮濕而導致染色。 | AW21: N | AX21: 2號袋、襯紙、領標*2、洗標*2、成分標*2 | AY21: 表布:棉100% 外件表布:嫘縈50%聚酯纖維28%尼龍22% 尺寸:F | BD21: 2611821026003004 | BE21: R260413004 | BF21: B | BG21: 平織 | BH21: =IF(COUNTIF(工作表1!A:A, $C21)>0, "預購款", "非預購款") -> 非預購款
A22: https://airsblobstage.blob.core.windows.net/photo/purchasephoto/SH60037QT.webp | B22: SH | C22: 2611834002 | D22: SH60037QT | E22: 252-60037QT | F22: 20260415 | G22: 60037QT | H22: S | I22: 210 | J22: 深灰 | K22: N | L22: 側開衩短褲裙 | M22: 26 | N22: 春 | O22: W10 | P22: 2026-03-02 | S22: 20260429 | T22: OL | U22: 褲裙 | V22: 短褲 | W22: 1080 | X22: 44.99 | Y22: 139 | Z22: 779000 | AA22: 172800 | AB22: 0 | AD22: Outlet追加單 | AE22: 1 | AJ22: 80 | AK22: 80 | AL22: 160 | AM22: 80 | AN22: 0 | AO22: 80 | AP22: Y | AQ22: 20260506 | AV22: 洗滌注意： ※ 首次洗滌時,深色/飽和色系 較易釋出多餘的固色劑, 屬於正常現象。 ※ 深色衣物建議在首次穿著前先下水清洗, 有助釋出多餘染劑，減少掉色或移染, 可降低染色風險。 ※ 深色與淺色衣物請分開洗滌，避免互相染色或產生移染現象。 ※ 穿搭時請避免與淺色衣物、配件、飾品一同搭配使用，以防止因摩擦或潮濕而導致染色。 | AW22: N | AX22: 2號袋、襯紙 | AY22: 表布:聚酯纖維96%彈性纖維4% 裡布:聚酯纖維100% 尺寸:S.M.L | BD22: 2611834002210001 | BE22: R260415087 | BF22: B | BG22: 平織 | BH22: =IF(COUNTIF(工作表1!A:A, $C22)>0, "預購款", "非預購款") -> 非預購款
A23: https://airsblobstage.blob.core.windows.net/photo/purchasephoto/SH60037QT.webp | B23: SH | C23: 2611834002 | D23: SH60037QT | E23: 252-60037QT | F23: 20260415 | G23: 60037QT | H23: M | I23: 210 | J23: 深灰 | K23: N | L23: 側開衩短褲裙 | M23: 26 | N23: 春 | O23: W10 | P23: 2026-03-02 | S23: 20260429 | T23: OL | U23: 褲裙 | V23: 短褲 | W23: 1080 | X23: 44.99 | Y23: 139 | Z23: 779000 | AA23: 172800 | AB23: 0 | AD23: Outlet追加單 | AE23: 1 | AJ23: 50 | AK23: 50 | AL23: 160 | AM23: 48 | AN23: 0 | AO23: 48 | AP23: Y | AQ23: 20260506 | AV23: 洗滌注意： ※ 首次洗滌時,深色/飽和色系 較易釋出多餘的固色劑, 屬於正常現象。 ※ 深色衣物建議在首次穿著前先下水清洗, 有助釋出多餘染劑，減少掉色或移染, 可降低染色風險。 ※ 深色與淺色衣物請分開洗滌，避免互相染色或產生移染現象。 ※ 穿搭時請避免與淺色衣物、配件、飾品一同搭配使用，以防止因摩擦或潮濕而導致染色。 | AW23: N | AX23: 2號袋、襯紙 | AY23: 表布:聚酯纖維96%彈性纖維4% 裡布:聚酯纖維100% 尺寸:S.M.L | BD23: 2611834002210002 | BE23: R260415087 | BF23: B | BG23: 平織 | BH23: =IF(COUNTIF(工作表1!A:A, $C23)>0, "預購款", "非預購款") -> 非預購款
A24: https://airsblobstage.blob.core.windows.net/photo/purchasephoto/SH60037QT.webp | B24: SH | C24: 2611834002 | D24: SH60037QT | E24: 252-60037QT | F24: 20260415 | G24: 60037QT | H24: L | I24: 210 | J24: 深灰 | K24: N | L24: 側開衩短褲裙 | M24: 26 | N24: 春 | O24: W10 | P24: 2026-03-02 | S24: 20260429 | T24: OL | U24: 褲裙 | V24: 短褲 | W24: 1080 | X24: 44.99 | Y24: 139 | Z24: 779000 | AA24: 172800 | AB24: 0 | AD24: Outlet追加單 | AE24: 1 | AJ24: 30 | AK24: 30 | AL24: 160 | AM24: 29 | AN24: 0 | AO24: 29 | AP24: Y | AQ24: 20260506 | AV24: 洗滌注意： ※ 首次洗滌時,深色/飽和色系 較易釋出多餘的固色劑, 屬於正常現象。 ※ 深色衣物建議在首次穿著前先下水清洗, 有助釋出多餘染劑，減少掉色或移染, 可降低染色風險。 ※ 深色與淺色衣物請分開洗滌，避免互相染色或產生移染現象。 ※ 穿搭時請避免與淺色衣物、配件、飾品一同搭配使用，以防止因摩擦或潮濕而導致染色。 | AW24: N | AX24: 2號袋、襯紙 | AY24: 表布:聚酯纖維96%彈性纖維4% 裡布:聚酯纖維100% 尺寸:S.M.L | BD24: 2611834002210003 | BE24: R260415087 | BF24: B | BG24: 平織 | BH24: =IF(COUNTIF(工作表1!A:A, $C24)>0, "預購款", "非預購款") -> 非預購款
A25: https://airsblobstage.blob.core.windows.net/photo/purchasephoto/SH0192QT.webp | B25: SH | C25: 2611829017 | D25: SH0192QT | E25: 252-0192QT | F25: 20260422 | G25: 0192QT | H25: F | I25: 010 | J25: 深藍 | K25: N | L25: 圓領愛心刺繡短袖排扣開襟麻花針織衫 | M25: 26 | N25: 春 | O25: W10 | P25: 2026-03-02 | S25: 20260506 | T25: OL | U25: 針織 | V25: 短袖針織 | W25: 1280 | X25: 49.99 | Y25: 169 | Z25: 919000 | AA25: 192000 | AB25: 0 | AD25: Outlet追加單 | AE25: 2 | AJ25: 50 | AK25: 50 | AL25: 150 | AM25: 50 | AN25: 0 | AO25: 50 | AP25: Y | AQ25: 20260506 | AV25: 洗滌注意： ※ 首次洗滌時,深色/飽和色系 較易釋出多餘的固色劑, 屬於正常現象。 ※ 深色衣物建議在首次穿著前先下水清洗, 有助釋出多餘染劑，減少掉色或移染, 可降低染色風險。 ※ 深色與淺色衣物請分開洗滌，避免互相染色或產生移染現象。 ※ 穿搭時請避免與淺色衣物、配件、飾品一同搭配使用，以防止因摩擦或潮濕而導致染色。 | AW25: N | AX25: 2號袋、襯紙 | AY25: 主紗:尼龍42%聚酯纖維30%亞克力纖維22%羊毛6% 尺寸:F | BD25: 2611829017010004 | BE25: R260422052 | BF25: B | BG25: 毛織 | BH25: =IF(COUNTIF(工作表1!A:A, $C25)>0, "預購款", "非預購款") -> 非預購款
A26: https://airsblobstage.blob.core.windows.net/photo/purchasephoto/SH0192QT.webp | B26: SH | C26: 2611829017 | D26: SH0192QT | E26: 252-0192QT | F26: 20260422 | G26: 0192QT | H26: F | I26: 035 | J26: 淺灰 | K26: N | L26: 圓領愛心刺繡短袖排扣開襟麻花針織衫 | M26: 26 | N26: 春 | O26: W10 | P26: 2026-03-02 | S26: 20260506 | T26: OL | U26: 針織 | V26: 短袖針織 | W26: 1280 | X26: 49.99 | Y26: 169 | Z26: 919000 | AA26: 192000 | AB26: 0 | AD26: Outlet追加單 | AE26: 2 | AJ26: 100 | AK26: 100 | AL26: 150 | AM26: 100 | AN26: 0 | AO26: 100 | AP26: Y | AQ26: 20260506 | AV26: 洗滌注意： ※ 首次洗滌時,深色/飽和色系 較易釋出多餘的固色劑, 屬於正常現象。 ※ 深色衣物建議在首次穿著前先下水清洗, 有助釋出多餘染劑，減少掉色或移染, 可降低染色風險。 ※ 深色與淺色衣物請分開洗滌，避免互相染色或產生移染現象。 ※ 穿搭時請避免與淺色衣物、配件、飾品一同搭配使用，以防止因摩擦或潮濕而導致染色。 | AW26: N | AX26: 2號袋、襯紙 | AY26: 主紗:尼龍42%聚酯纖維30%亞克力纖維22%羊毛6% 尺寸:F | BD26: 2611829017035004 | BE26: R260422052 | BF26: B | BG26: 毛織 | BH26: =IF(COUNTIF(工作表1!A:A, $C26)>0, "預購款", "非預購款") -> 非預購款
A27: https://airsblobstage.blob.core.windows.net/photo/purchasephoto/SH0192QT.webp | B27: SH | C27: 2611829017 | D27: SH0192QT | E27: 252-0192QT | F27: 20260429 | G27: 0192QT | H27: F | I27: 010 | J27: 深藍 | K27: N | L27: 圓領愛心刺繡短袖排扣開襟麻花針織衫 | M27: 26 | N27: 春 | O27: W10 | P27: 2026-03-02 | S27: 20260513 | T27: OL | U27: 針織 | V27: 短袖針織 | W27: 1280 | X27: 49.99 | Y27: 169 | Z27: 919000 | AA27: 192000 | AB27: 0 | AD27: Outlet追加單 | AE27: 2 | AJ27: 50 | AK27: 50 | AL27: 150 | AM27: 50 | AN27: 0 | AO27: 50 | AP27: Y | AQ27: 20260520 | AV27: 洗滌注意： ※ 首次洗滌時,深色/飽和色系 較易釋出多餘的固色劑, 屬於正常現象。 ※ 深色衣物建議在首次穿著前先下水清洗, 有助釋出多餘染劑，減少掉色或移染, 可降低染色風險。 ※ 深色與淺色衣物請分開洗滌，避免互相染色或產生移染現象。 ※ 穿搭時請避免與淺色衣物、配件、飾品一同搭配使用，以防止因摩擦或潮濕而導致染色。 | AW27: N | AX27: 2號袋、襯紙 | AY27: 主紗:尼龍42%聚酯纖維30%亞克力纖維22%羊毛6% 尺寸:F | BD27: 2611829017010004 | BE27: R260429070 | BF27: B | BG27: 毛織 | BH27: =IF(COUNTIF(工作表1!A:A, $C27)>0, "預購款", "非預購款") -> 非預購款
A28: https://airsblobstage.blob.core.windows.net/photo/purchasephoto/SH0192QT.webp | B28: SH | C28: 2611829017 | D28: SH0192QT | E28: 252-0192QT | F28: 20260429 | G28: 0192QT | H28: F | I28: 035 | J28: 淺灰 | K28: N | L28: 圓領愛心刺繡短袖排扣開襟麻花針織衫 | M28: 26 | N28: 春 | O28: W10 | P28: 2026-03-02 | S28: 20260513 | T28: OL | U28: 針織 | V28: 短袖針織 | W28: 1280 | X28: 49.99 | Y28: 169 | Z28: 919000 | AA28: 192000 | AB28: 0 | AD28: Outlet追加單 | AE28: 2 | AJ28: 100 | AK28: 100 | AL28: 150 | AM28: 100 | AN28: 0 | AO28: 100 | AP28: Y | AQ28: 20260520 | AV28: 洗滌注意： ※ 首次洗滌時,深色/飽和色系 較易釋出多餘的固色劑, 屬於正常現象。 ※ 深色衣物建議在首次穿著前先下水清洗, 有助釋出多餘染劑，減少掉色或移染, 可降低染色風險。 ※ 深色與淺色衣物請分開洗滌，避免互相染色或產生移染現象。 ※ 穿搭時請避免與淺色衣物、配件、飾品一同搭配使用，以防止因摩擦或潮濕而導致染色。 | AW28: N | AX28: 2號袋、襯紙 | AY28: 主紗:尼龍42%聚酯纖維30%亞克力纖維22%羊毛6% 尺寸:F | BD28: 2611829017035004 | BE28: R260429070 | BF28: B | BG28: 毛織 | BH28: =IF(COUNTIF(工作表1!A:A, $C28)>0, "預購款", "非預購款") -> 非預購款
B29: SH | C29: 2611822011 | D29: SH2581QT | E29: 252-2581QT | F29: 20260506 | G29: 2581QT | H29: S | I29: 001 | J29: 黑 | K29: N | L29: 長裙 | M29: 26 | N29: 春 | O29: W10 | P29: 2026-03-02 | S29: 20260513 | T29: OL | U29: 裙子 | V29: 長裙 | W29: 1380 | X29: 54.99 | Y29: 179 | Z29: 989000 | AA29: 124200 | AB29: 0 | AD29: Outlet追加單 | AE29: 1 | AJ29: 45 | AK29: 45 | AL29: 90 | AM29: 50 | AN29: 0 | AO29: 50 | AP29: Y | AQ29: 20260520 | AV29: 洗滌注意： ※ 首次洗滌時,深色/飽和色系 較易釋出多餘的固色劑, 屬於正常現象。 ※ 深色衣物建議在首次穿著前先下水清洗, 有助釋出多餘染劑，減少掉色或移染, 可降低染色風險。 ※ 深色與淺色衣物請分開洗滌，避免互相染色或產生移染現象。 ※ 穿搭時請避免與淺色衣物、配件、飾品一同搭配使用，以防止因摩擦或潮濕而導致染色。 | AW29: N | AX29: 2號袋、襯紙 | AY29: 表布:嫘縈50%聚酯纖維45%彈性纖維5% 尺寸:S.M.L | BD29: 2611822011001001 | BE29: R260506055 | BF29: B | BG29: 針織 | BH29: =IF(COUNTIF(工作表1!A:A, $C29)>0, "預購款", "非預購款") -> 非預購款
B30: SH | C30: 2611822011 | D30: SH2581QT | E30: 252-2581QT | F30: 20260506 | G30: 2581QT | H30: M | I30: 001 | J30: 黑 | K30: N | L30: 長裙 | M30: 26 | N30: 春 | O30: W10 | P30: 2026-03-02 | S30: 20260513 | T30: OL | U30: 裙子 | V30: 長裙 | W30: 1380 | X30: 54.99 | Y30: 179 | Z30: 989000 | AA30: 124200 | AB30: 0 | AD30: Outlet追加單 | AE30: 1 | AJ30: 30 | AK30: 30 | AL30: 90 | AM30: 32 | AN30: 0 | AO30: 32 | AP30: Y | AQ30: 20260520 | AV30: 洗滌注意： ※ 首次洗滌時,深色/飽和色系 較易釋出多餘的固色劑, 屬於正常現象。 ※ 深色衣物建議在首次穿著前先下水清洗, 有助釋出多餘染劑，減少掉色或移染, 可降低染色風險。 ※ 深色與淺色衣物請分開洗滌，避免互相染色或產生移染現象。 ※ 穿搭時請避免與淺色衣物、配件、飾品一同搭配使用，以防止因摩擦或潮濕而導致染色。 | AW30: N | AX30: 2號袋、襯紙 | AY30: 表布:嫘縈50%聚酯纖維45%彈性纖維5% 尺寸:S.M.L | BD30: 2611822011001002 | BE30: R260506055 | BF30: B | BG30: 針織 | BH30: =IF(COUNTIF(工作表1!A:A, $C30)>0, "預購款", "非預購款") -> 非預購款
B31: SH | C31: 2611822011 | D31: SH2581QT | E31: 252-2581QT | F31: 20260506 | G31: 2581QT | H31: L | I31: 001 | J31: 黑 | K31: N | L31: 長裙 | M31: 26 | N31: 春 | O31: W10 | P31: 2026-03-02 | S31: 20260513 | T31: OL | U31: 裙子 | V31: 長裙 | W31: 1380 | X31: 54.99 | Y31: 179 | Z31: 989000 | AA31: 124200 | AB31: 0 | AD31: Outlet追加單 | AE31: 1 | AJ31: 15 | AK31: 15 | AL31: 90 | AM31: 17 | AN31: 0 | AO31: 17 | AP31: Y | AQ31: 20260520 | AV31: 洗滌注意： ※ 首次洗滌時,深色/飽和色系 較易釋出多餘的固色劑, 屬於正常現象。 ※ 深色衣物建議在首次穿著前先下水清洗, 有助釋出多餘染劑，減少掉色或移染, 可降低染色風險。 ※ 深色與淺色衣物請分開洗滌，避免互相染色或產生移染現象。 ※ 穿搭時請避免與淺色衣物、配件、飾品一同搭配使用，以防止因摩擦或潮濕而導致染色。 | AW31: N | AX31: 2號袋、襯紙 | AY31: 表布:嫘縈50%聚酯纖維45%彈性纖維5% 尺寸:S.M.L | BD31: 2611822011001003 | BE31: R260506055 | BF31: B | BG31: 針織 | BH31: =IF(COUNTIF(工作表1!A:A, $C31)>0, "預購款", "非預購款") -> 非預購款
A32: https://airsblobstage.blob.core.windows.net/photo/purchasephoto/SH188 1QT.webp | B32: SH | C32: 2611821026 | D32: SH188-1QT | E32: 252-188-1QT | F32: 20260413 | G32: 188-1QT | H32: F | I32: 003 | J32: 藍 | K32: N | L32: 長袖襯衫 | M32: 26 | N32: 春 | O32: W10 | P32: 2026-03-02 | S32: 20260427 | T32: OL | U32: 上衣 | V32: 長袖襯衫 | W32: 1180 | X32: 49.99 | Y32: 155 | Z32: 859000 | AA32: 2360 | AB32: 0 | AD32: Outlet追加單 | AE32: 1 | AJ32: 2 | AK32: 2 | AL32: 2 | AM32: 2 | AN32: 0 | AO32: 2 | AP32: Y | AQ32: 20260511 | AV32: 洗滌注意： ※ 首次洗滌時,深色/飽和色系 較易釋出多餘的固色劑, 屬於正常現象。 ※ 深色衣物建議在首次穿著前先下水清洗, 有助釋出多餘染劑，減少掉色或移染, 可降低染色風險。 ※ 深色與淺色衣物請分開洗滌，避免互相染色或產生移染現象。 ※ 穿搭時請避免與淺色衣物、配件、飾品一同搭配使用，以防止因摩擦或潮濕而導致染色。 | AW32: N | AX32: 2號袋、襯紙、領標*2、洗標*2、成分標*2 | AY32: 表布:棉100% 外件表布:嫘縈50%聚酯纖維28%尼龍22% 尺寸:F | BD32: 2611821026003004 | BE32: R260511013 | BF32: B | BG32: 平織 | BH32: =IF(COUNTIF(工作表1!A:A, $C32)>0, "預購款", "非預購款") -> 非預購款
A33: https://airsblobstage.blob.core.windows.net/photo/purchasephoto/SH60037QT.webp | B33: SH | C33: 2611834002 | D33: SH60037QT | E33: 252-60037QT | F33: 20260415 | G33: 60037QT | H33: S | I33: 210 | J33: 深灰 | K33: N | L33: 側開衩短褲裙 | M33: 26 | N33: 春 | O33: W10 | P33: 2026-03-02 | S33: 20260429 | T33: OL | U33: 褲裙 | V33: 短褲 | W33: 1080 | X33: 44.99 | Y33: 139 | Z33: 779000 | AA33: 3240 | AB33: 0 | AD33: Outlet追加單 | AE33: 1 | AJ33: 3 | AK33: 3 | AL33: 3 | AM33: 3 | AN33: 0 | AO33: 3 | AP33: Y | AQ33: 20260511 | AV33: 洗滌注意： ※ 首次洗滌時,深色/飽和色系 較易釋出多餘的固色劑, 屬於正常現象。 ※ 深色衣物建議在首次穿著前先下水清洗, 有助釋出多餘染劑，減少掉色或移染, 可降低染色風險。 ※ 深色與淺色衣物請分開洗滌，避免互相染色或產生移染現象。 ※ 穿搭時請避免與淺色衣物、配件、飾品一同搭配使用，以防止因摩擦或潮濕而導致染色。 | AW33: N | AX33: 2號袋、襯紙 | AY33: 表布:聚酯纖維96%彈性纖維4% 裡布:聚酯纖維100% 尺寸:S.M.L | BD33: 2611834002210001 | BE33: R260511014 | BF33: B | BG33: 平織 | BH33: =IF(COUNTIF(工作表1!A:A, $C33)>0, "預購款", "非預購款") -> 非預購款
B34: SH | C34: 2611822011 | D34: SH2581QT | E34: 252-2581QT | F34: 20260506 | G34: 2581QT | H34: M | I34: 001 | J34: 黑 | K34: N | L34: 長裙 | M34: 26 | N34: 春 | O34: W10 | P34: 2026-03-02 | S34: 20260513 | T34: OL | U34: 裙子 | V34: 長裙 | W34: 1380 | X34: 54.99 | Y34: 179 | Z34: 989000 | AA34: 4140 | AB34: 0 | AD34: Outlet追加單 | AE34: 1 | AJ34: 3 | AK34: 3 | AL34: 3 | AM34: 3 | AN34: 0 | AO34: 3 | AP34: Y | AQ34: 20260605 | AV34: 洗滌注意： ※ 首次洗滌時,深色/飽和色系 較易釋出多餘的固色劑, 屬於正常現象。 ※ 深色衣物建議在首次穿著前先下水清洗, 有助釋出多餘染劑，減少掉色或移染, 可降低染色風險。 ※ 深色與淺色衣物請分開洗滌，避免互相染色或產生移染現象。 ※ 穿搭時請避免與淺色衣物、配件、飾品一同搭配使用，以防止因摩擦或潮濕而導致染色。 | AW34: N | AX34: 2號袋、襯紙 | AY34: 表布:嫘縈50%聚酯纖維45%彈性纖維5% 尺寸:S.M.L | BD34: 2611822011001002 | BE34: R260521002 | BF34: B | BG34: 針織 | BH34: =IF(COUNTIF(工作表1!A:A, $C34)>0, "預購款", "非預購款") -> 非預購款
A35: https://airsblobstage.blob.core.windows.net/photo/purchasephoto/SH2507QT.webp | B35: SH | C35: 2621829010 | D35: SH2507QT | E35: 252-2507QT | F35: 20260526 | G35: 2507QT | H35: F | I35: 001 | J35: 黑 | K35: N | M35: 26 | N35: 夏 | O35: W23 | P35: 2026-06-01 | S35: 20260609 | T35: OL | U35: 針織 | V35: 長袖針織 | W35: 890 | X35: 39.99 | Y35: 115 | Z35: 639000 | AA35: 258100 | AB35: 0 | AD35: Outlet追加單 | AE35: 3 | AJ35: 120 | AK35: 120 | AL35: 290 | AM35: 120 | AN35: 0 | AO35: 120 | AP35: Y | AQ35: 20260605 | AV35: OUTLET 靜衣仿 洗滌注意： ※ 首次洗滌時,深色/飽和色系 較易釋出多餘的固色劑, 屬於正常現象。 ※ 深色衣物建議在首次穿著前先下水清洗, 有助釋出多餘染劑，減少掉色或移染, 可降低染色風險。 ※ 深色與淺色衣物請分開洗滌，避免互相染色或產生移染現象。 ※ 穿搭時請避免與淺色衣物、配件、飾品一同搭配使用，以防止因摩擦或潮濕而導致染色。 | AW35: N | AX35: 2號袋、襯紙 | AY35: 主紗:嫘縈81%尼龍19% 尺寸:F | BD35: 2621829010001004 | BE35: R260526094 | BF35: B | BG35: 毛織 | BH35: =IF(COUNTIF(工作表1!A:A, $C35)>0, "預購款", "非預購款") -> 非預購款
A36: https://airsblobstage.blob.core.windows.net/photo/purchasephoto/SH2507QT.webp | B36: SH | C36: 2621829010 | D36: SH2507QT | E36: 252-2507QT | F36: 20260526 | G36: 2507QT | H36: F | I36: 002 | J36: 白 | K36: N | M36: 26 | N36: 夏 | O36: W23 | P36: 2026-06-01 | S36: 20260609 | T36: OL | U36: 針織 | V36: 長袖針織 | W36: 890 | X36: 39.99 | Y36: 115 | Z36: 639000 | AA36: 258100 | AB36: 0 | AD36: Outlet追加單 | AE36: 3 | AJ36: 100 | AK36: 100 | AL36: 290 | AM36: 100 | AN36: 0 | AO36: 100 | AP36: Y | AQ36: 20260605 | AV36: OUTLET 靜衣仿 洗滌注意： ※ 首次洗滌時,深色/飽和色系 較易釋出多餘的固色劑, 屬於正常現象。 ※ 深色衣物建議在首次穿著前先下水清洗, 有助釋出多餘染劑，減少掉色或移染, 可降低染色風險。 ※ 深色與淺色衣物請分開洗滌，避免互相染色或產生移染現象。 ※ 穿搭時請避免與淺色衣物、配件、飾品一同搭配使用，以防止因摩擦或潮濕而導致染色。 | AW36: N | AX36: 2號袋、襯紙 | AY36: 主紗:嫘縈81%尼龍19% 尺寸:F | BD36: 2621829010002004 | BE36: R260526094 | BF36: B | BG36: 毛織 | BH36: =IF(COUNTIF(工作表1!A:A, $C36)>0, "預購款", "非預購款") -> 非預購款
A37: https://airsblobstage.blob.core.windows.net/photo/purchasephoto/SH2507QT.webp | B37: SH | C37: 2621829010 | D37: SH2507QT | E37: 252-2507QT | F37: 20260526 | G37: 2507QT | H37: F | I37: 003 | J37: 藍 | K37: N | M37: 26 | N37: 夏 | O37: W23 | P37: 2026-06-01 | S37: 20260609 | T37: OL | U37: 針織 | V37: 長袖針織 | W37: 890 | X37: 39.99 | Y37: 115 | Z37: 639000 | AA37: 258100 | AB37: 0 | AD37: Outlet追加單 | AE37: 3 | AJ37: 70 | AK37: 70 | AL37: 290 | AM37: 70 | AN37: 0 | AO37: 70 | AP37: Y | AQ37: 20260605 | AV37: OUTLET 靜衣仿 洗滌注意： ※ 首次洗滌時,深色/飽和色系 較易釋出多餘的固色劑, 屬於正常現象。 ※ 深色衣物建議在首次穿著前先下水清洗, 有助釋出多餘染劑，減少掉色或移染, 可降低染色風險。 ※ 深色與淺色衣物請分開洗滌，避免互相染色或產生移染現象。 ※ 穿搭時請避免與淺色衣物、配件、飾品一同搭配使用，以防止因摩擦或潮濕而導致染色。 | AW37: N | AX37: 2號袋、襯紙 | AY37: 主紗:嫘縈81%尼龍19% 尺寸:F | BD37: 2621829010003004 | BE37: R260526094 | BF37: B | BG37: 毛織 | BH37: =IF(COUNTIF(工作表1!A:A, $C37)>0, "預購款", "非預購款") -> 非預購款
A38: https://airsblobstage.blob.core.windows.net/photo/purchasephoto/SH2510QT.webp | B38: SH | C38: 2621821067 | D38: SH2510QT | E38: 252-2510QT | F38: 20260526 | G38: 2510QT | H38: F | I38: 017 | J38: 咖啡 | K38: N | M38: 26 | N38: 夏 | O38: W23 | P38: 2026-06-01 | S38: 20260609 | T38: OL | U38: 上衣 | V38: 短版挖肩上衣 | W38: 790 | X38: 34.99 | Y38: 99 | Z38: 569000 | AA38: 79000 | AB38: 0 | AD38: Outlet追加單 | AE38: 1 | AJ38: 100 | AK38: 100 | AL38: 100 | AM38: 0 | AN38: 0 | AO38: 0 | AP38: N | AV38: OUTLET 小熊衣櫃 洗滌注意： ※ 首次洗滌時,深色/飽和色系 較易釋出多餘的固色劑, 屬於正常現象。 ※ 深色衣物建議在首次穿著前先下水清洗, 有助釋出多餘染劑，減少掉色或移染, 可降低染色風險。 ※ 深色與淺色衣物請分開洗滌，避免互相染色或產生移染現象。 ※ 穿搭時請避免與淺色衣物、配件、飾品一同搭配使用，以防止因摩擦或潮濕而導致染色。 | AW38: N | AX38: 2號袋、襯紙、胸殼 | AY38: 表布:嫘縈93%彈性纖維7% 罩杯內層材質:聚酯纖維100% 尺寸:F | BD38: 2621821067017004 | BE38: R260526095 | BF38: B | BG38: 針織 | BH38: =IF(COUNTIF(工作表1!A:A, $C38)>0, "預購款", "非預購款") -> 非預購款
A39: https://airsblobstage.blob.core.windows.net/photo/purchasephoto/SH0192QT.webp | B39: SH | C39: 2611829017 | D39: SH0192QT | E39: 252-0192QT | F39: 20260603 | G39: 0192QT | H39: F | I39: 010 | J39: 深藍 | K39: N | L39: 圓領愛心刺繡短袖排扣開襟麻花針織衫 | M39: 26 | N39: 春 | O39: W10 | P39: 2026-03-02 | S39: 20260617 | T39: OL | U39: 針織 | V39: 短袖針織 | W39: 1280 | X39: 49.99 | Y39: 169 | Z39: 919000 | AA39: 204800 | AB39: 0 | AD39: Outlet追加單 | AE39: 2 | AJ39: 60 | AK39: 60 | AL39: 160 | AM39: 0 | AN39: 0 | AO39: 0 | AP39: N | AV39: 洗滌注意： ※ 首次洗滌時,深色/飽和色系 較易釋出多餘的固色劑, 屬於正常現象。 ※ 深色衣物建議在首次穿著前先下水清洗, 有助釋出多餘染劑，減少掉色或移染, 可降低染色風險。 ※ 深色與淺色衣物請分開洗滌，避免互相染色或產生移染現象。 ※ 穿搭時請避免與淺色衣物、配件、飾品一同搭配使用，以防止因摩擦或潮濕而導致染色。 | AW39: N | AX39: 2號袋、襯紙 | AY39: 主紗:尼龍42%聚酯纖維30%亞克力纖維22%羊毛6% 尺寸:F | BD39: 2611829017010004 | BE39: R260603090 | BF39: B | BG39: 毛織 | BH39: =IF(COUNTIF(工作表1!A:A, $C39)>0, "預購款", "非預購款") -> 非預購款
A40: https://airsblobstage.blob.core.windows.net/photo/purchasephoto/SH0192QT.webp | B40: SH | C40: 2611829017 | D40: SH0192QT | E40: 252-0192QT | F40: 20260603 | G40: 0192QT | H40: F | I40: 035 | J40: 淺灰 | K40: N | L40: 圓領愛心刺繡短袖排扣開襟麻花針織衫 | M40: 26 | N40: 春 | O40: W10 | P40: 2026-03-02 | S40: 20260617 | T40: OL | U40: 針織 | V40: 短袖針織 | W40: 1280 | X40: 49.99 | Y40: 169 | Z40: 919000 | AA40: 204800 | AB40: 0 | AD40: Outlet追加單 | AE40: 2 | AJ40: 100 | AK40: 100 | AL40: 160 | AM40: 0 | AN40: 0 | AO40: 0 | AP40: N | AV40: 洗滌注意： ※ 首次洗滌時,深色/飽和色系 較易釋出多餘的固色劑, 屬於正常現象。 ※ 深色衣物建議在首次穿著前先下水清洗, 有助釋出多餘染劑，減少掉色或移染, 可降低染色風險。 ※ 深色與淺色衣物請分開洗滌，避免互相染色或產生移染現象。 ※ 穿搭時請避免與淺色衣物、配件、飾品一同搭配使用，以防止因摩擦或潮濕而導致染色。 | AW40: N | AX40: 2號袋、襯紙 | AY40: 主紗:尼龍42%聚酯纖維30%亞克力纖維22%羊毛6% 尺寸:F | BD40: 2611829017035004 | BE40: R260603090 | BF40: B | BG40: 毛織 | BH40: =IF(COUNTIF(工作表1!A:A, $C40)>0, "預購款", "非預購款") -> 非預購款
A41: https://airsblobstage.blob.core.windows.net/photo/purchasephoto/EB19336Q.webp | B41: EB | C41: 2541821081 | D41: EB19336Q | E41: 83-19336Q | F41: 20251231 | G41: 19336Q | H41: S | I41: 001 | J41: 黑 | K41: N | L41: 不對稱領拼接透紗抓皺內刷毛長袖短版BRA TOP | M41: 26 | N41: 冬 | O41: W1 | P41: 2025-12-29 | R41: 2025-12-29 09:00:00 | S41: 20260114 | T41: OL | U41: 上衣 | V41: 長袖合身上衣 | W41: 790 | X41: 34.99 | Y41: 99 | Z41: 569000 | AA41: 500070 | AB41: 310 | AD41: 追加單 | AE41: 2 | AF41: 20 | AI41: 50 | AJ41: 80 | AK41: 150 | AL41: 633 | AM41: 151 | AN41: 0 | AO41: 151 | AP41: Y | AQ41: 20260129 | AS41: B | AT41: B | AU41: A | AV41: 含1.3公分可拆一體式胸棉、內層磨毛 洗滌注意： ※ 首次洗滌時,深色/飽和色系 較易釋出多餘的固色劑, 屬於正常現象。 ※ 深色衣物建議在首次穿著前先下水清洗, 有助釋出多餘染劑，減少掉色或移染, 可降低染色風險。 ※ 深色與淺色衣物請分開洗滌，避免互相染色或產生移染現象。 ※ 穿搭時請避免與淺色衣物、配件、飾品一同搭配使用，以防止因摩擦或潮濕而導致染色。 | AW41: N | AX41: 2號袋、襯紙、胸殼 | AY41: 表布:嫘縈92%彈性纖維8% 配布:尼龍90%彈性纖維10% 罩杯裡層材質:聚酯纖維100% 尺寸:S.M.L | AZ41: 4 | BA41: 2 | BB41: 3 | BC41: 2 | BD41: 2541821081001001 | BE41: R251231010 | BF41: B | BG41: 針織 | BH41: =IF(COUNTIF(工作表1!A:A, $C41)>0, "預購款", "非預購款") -> 非預購款
A42: https://airsblobstage.blob.core.windows.net/photo/purchasephoto/EB19336Q.webp | B42: EB | C42: 2541821081 | D42: EB19336Q | E42: 83-19336Q | F42: 20251231 | G42: 19336Q | H42: M | I42: 001 | J42: 黑 | K42: N | L42: 不對稱領拼接透紗抓皺內刷毛長袖短版BRA TOP | M42: 26 | N42: 冬 | O42: W1 | P42: 2025-12-29 | R42: 2025-12-29 09:00:00 | S42: 20260114 | T42: OL | U42: 上衣 | V42: 長袖合身上衣 | W42: 790 | X42: 34.99 | Y42: 99 | Z42: 569000 | AA42: 500070 | AB42: 310 | AD42: 追加單 | AE42: 2 | AF42: 10 | AI42: 40 | AJ42: 40 | AK42: 90 | AL42: 633 | AM42: 92 | AN42: 0 | AO42: 92 | AP42: Y | AQ42: 20260129 | AS42: B | AT42: B | AU42: A | AV42: 含1.3公分可拆一體式胸棉、內層磨毛 洗滌注意： ※ 首次洗滌時,深色/飽和色系 較易釋出多餘的固色劑, 屬於正常現象。 ※ 深色衣物建議在首次穿著前先下水清洗, 有助釋出多餘染劑，減少掉色或移染, 可降低染色風險。 ※ 深色與淺色衣物請分開洗滌，避免互相染色或產生移染現象。 ※ 穿搭時請避免與淺色衣物、配件、飾品一同搭配使用，以防止因摩擦或潮濕而導致染色。 | AW42: N | AX42: 2號袋、襯紙、胸殼 | AY42: 表布:嫘縈92%彈性纖維8% 配布:尼龍90%彈性纖維10% 罩杯裡層材質:聚酯纖維100% 尺寸:S.M.L | AZ42: 4 | BA42: 2 | BB42: 3 | BC42: 2 | BD42: 2541821081001002 | BE42: R251231010 | BF42: B | BG42: 針織 | BH42: =IF(COUNTIF(工作表1!A:A, $C42)>0, "預購款", "非預購款") -> 非預購款
A43: https://airsblobstage.blob.core.windows.net/photo/purchasephoto/EB19336Q.webp | B43: EB | C43: 2541821081 | D43: EB19336Q | E43: 83-19336Q | F43: 20251231 | G43: 19336Q | H43: L | I43: 001 | J43: 黑 | K43: N | L43: 不對稱領拼接透紗抓皺內刷毛長袖短版BRA TOP | M43: 26 | N43: 冬 | O43: W1 | P43: 2025-12-29 | R43: 2025-12-29 09:00:00 | S43: 20260114 | T43: OL | U43: 上衣 | V43: 長袖合身上衣 | W43: 790 | X43: 34.99 | Y43: 99 | Z43: 569000 | AA43: 500070 | AB43: 310 | AD43: 追加單 | AE43: 2 | AF43: 5 | AI43: 25 | AJ43: 10 | AK43: 40 | AL43: 633 | AM43: 42 | AN43: 0 | AO43: 42 | AP43: Y | AQ43: 20260129 | AS43: B | AT43: B | AU43: A | AV43: 含1.3公分可拆一體式胸棉、內層磨毛 洗滌注意： ※ 首次洗滌時,深色/飽和色系 較易釋出多餘的固色劑, 屬於正常現象。 ※ 深色衣物建議在首次穿著前先下水清洗, 有助釋出多餘染劑，減少掉色或移染, 可降低染色風險。 ※ 深色與淺色衣物請分開洗滌，避免互相染色或產生移染現象。 ※ 穿搭時請避免與淺色衣物、配件、飾品一同搭配使用，以防止因摩擦或潮濕而導致染色。 | AW43: N | AX43: 2號袋、襯紙、胸殼 | AY43: 表布:嫘縈92%彈性纖維8% 配布:尼龍90%彈性纖維10% 罩杯裡層材質:聚酯纖維100% 尺寸:S.M.L | AZ43: 4 | BA43: 2 | BB43: 3 | BC43: 2 | BD43: 2541821081001003 | BE43: R251231010 | BF43: B | BG43: 針織 | BH43: =IF(COUNTIF(工作表1!A:A, $C43)>0, "預購款", "非預購款") -> 非預購款
A44: https://airsblobstage.blob.core.windows.net/photo/purchasephoto/EB19336Q.webp | B44: EB | C44: 2541821081 | D44: EB19336Q | E44: 83-19336Q | F44: 20251231 | G44: 19336Q | H44: S | I44: 002 | J44: 白 | K44: N | L44: 不對稱領拼接透紗抓皺內刷毛長袖短版BRA TOP | M44: 26 | N44: 冬 | O44: W1 | P44: 2025-12-29 | R44: 2025-12-29 09:00:00 | S44: 20260114 | T44: OL | U44: 上衣 | V44: 長袖合身上衣 | W44: 790 | X44: 34.99 | Y44: 99 | Z44: 569000 | AA44: 500070 | AB44: 310 | AD44: 追加單 | AE44: 2 | AF44: 15 | AI44: 50 | AJ44: 170 | AK44: 235 | AL44: 633 | AM44: 240 | AN44: 0 | AO44: 239 | AP44: Y | AQ44: 20260129 | AS44: B | AT44: B | AU44: A | AV44: 含1.3公分可拆一體式胸棉、內層磨毛 洗滌注意： ※ 首次洗滌時,深色/飽和色系 較易釋出多餘的固色劑, 屬於正常現象。 ※ 深色衣物建議在首次穿著前先下水清洗, 有助釋出多餘染劑，減少掉色或移染, 可降低染色風險。 ※ 深色與淺色衣物請分開洗滌，避免互相染色或產生移染現象。 ※ 穿搭時請避免與淺色衣物、配件、飾品一同搭配使用，以防止因摩擦或潮濕而導致染色。 | AW44: N | AX44: 2號袋、襯紙、胸殼 | AY44: 表布:嫘縈92%彈性纖維8% 配布:尼龍90%彈性纖維10% 罩杯裡層材質:聚酯纖維100% 尺寸:S.M.L | AZ44: 4 | BA44: 2 | BB44: 3 | BC44: 2 | BD44: 2541821081002001 | BE44: R251231010 | BF44: B | BG44: 針織 | BH44: =IF(COUNTIF(工作表1!A:A, $C44)>0, "預購款", "非預購款") -> 非預購款
A45: https://airsblobstage.blob.core.windows.net/photo/purchasephoto/EB19336Q.webp | B45: EB | C45: 2541821081 | D45: EB19336Q | E45: 83-19336Q | F45: 20251231 | G45: 19336Q | H45: M | I45: 002 | J45: 白 | K45: N | L45: 不對稱領拼接透紗抓皺內刷毛長袖短版BRA TOP | M45: 26 | N45: 冬 | O45: W1 | P45: 2025-12-29 | R45: 2025-12-29 09:00:00 | S45: 20260114 | T45: OL | U45: 上衣 | V45: 長袖合身上衣 | W45: 790 | X45: 34.99 | Y45: 99 | Z45: 569000 | AA45: 500070 | AB45: 310 | AD45: 追加單 | AE45: 2 | AF45: 8 | AI45: 40 | AJ45: 60 | AK45: 108 | AL45: 633 | AM45: 119 | AN45: 0 | AO45: 119 | AP45: Y | AQ45: 20260129 | AS45: B | AT45: B | AU45: A | AV45: 含1.3公分可拆一體式胸棉、內層磨毛 洗滌注意： ※ 首次洗滌時,深色/飽和色系 較易釋出多餘的固色劑, 屬於正常現象。 ※ 深色衣物建議在首次穿著前先下水清洗, 有助釋出多餘染劑，減少掉色或移染, 可降低染色風險。 ※ 深色與淺色衣物請分開洗滌，避免互相染色或產生移染現象。 ※ 穿搭時請避免與淺色衣物、配件、飾品一同搭配使用，以防止因摩擦或潮濕而導致染色。 | AW45: N | AX45: 2號袋、襯紙、胸殼 | AY45: 表布:嫘縈92%彈性纖維8% 配布:尼龍90%彈性纖維10% 罩杯裡層材質:聚酯纖維100% 尺寸:S.M.L | AZ45: 4 | BA45: 2 | BB45: 3 | BC45: 2 | BD45: 2541821081002002 | BE45: R251231010 | BF45: B | BG45: 針織 | BH45: =IF(COUNTIF(工作表1!A:A, $C45)>0, "預購款", "非預購款") -> 非預購款
A46: https://airsblobstage.blob.core.windows.net/photo/purchasephoto/EB19467.webp | B46: EB | C46: 2540129032 | D46: EB19467 | E46: 83-19467 | F46: 20251231 | G46: 19467 | H46: S | I46: 002 | J46: 白 | K46: N | L46: 假兩件領口鏤空交叉綁帶長袖短版針織衫 | M46: 26 | N46: 冬 | O46: W1 | P46: 2025-12-29 | R46: 2025-12-29 09:00:00 | S46: 20260114 | T46: AS | U46: 針織 | V46: 長袖合身針織 | W46: 890 | X46: 39.99 | Y46: 115 | Z46: 639000 | AA46: 178000 | AB46: 370 | AD46: 追加單 | AE46: 1 | AF46: 0 | AI46: 30 | AJ46: 80 | AK46: 110 | AL46: 200 | AM46: 116 | AN46: 0 | AO46: 116 | AP46: Y | AQ46: 20260122 | AR46: C | AS46: C | AT46: B | AU46: B | AV46: 洗滌注意： ※ 首次洗滌時,深色/飽和色系 較易釋出多餘的固色劑, 屬於正常現象。 ※ 深色衣物建議在首次穿著前先下水清洗, 有助釋出多餘染劑，減少掉色或移染, 可降低染色風險。 ※ 深色與淺色衣物請分開洗滌，避免互相染色或產生移染現象。 ※ 穿搭時請避免與淺色衣物、配件、飾品一同搭配使用，以防止因摩擦或潮濕而導致染色。 | AW46: N | AX46: 2號袋 襯紙 | AY46: 外件主紗:尼龍100% 內件主紗:嫘縈49.3% 尼龍27.7% 聚酯纖維23% 尺寸:S M | AZ46: 4 | BA46: 2 | BB46: 3 | BC46: 1 | BD46: 2540129032002001 | BE46: R251231013 | BF46: A | BG46: 毛織 | BH46: =IF(COUNTIF(工作表1!A:A, $C46)>0, "預購款", "非預購款") -> 非預購款
A47: https://airsblobstage.blob.core.windows.net/photo/purchasephoto/EB19467.webp | B47: EB | C47: 2540129032 | D47: EB19467 | E47: 83-19467 | F47: 20251231 | G47: 19467 | H47: M | I47: 002 | J47: 白 | K47: N | L47: 假兩件領口鏤空交叉綁帶長袖短版針織衫 | M47: 26 | N47: 冬 | O47: W1 | P47: 2025-12-29 | R47: 2025-12-29 09:00:00 | S47: 20260114 | T47: AS | U47: 針織 | V47: 長袖合身針織 | W47: 890 | X47: 39.99 | Y47: 115 | Z47: 639000 | AA47: 178000 | AB47: 370 | AD47: 追加單 | AE47: 1 | AF47: 0 | AI47: 30 | AJ47: 60 | AK47: 90 | AL47: 200 | AM47: 96 | AN47: 0 | AO47: 96 | AP47: Y | AQ47: 20260122 | AR47: C | AS47: C | AT47: B | AU47: B | AV47: 洗滌注意： ※ 首次洗滌時,深色/飽和色系 較易釋出多餘的固色劑, 屬於正常現象。 ※ 深色衣物建議在首次穿著前先下水清洗, 有助釋出多餘染劑，減少掉色或移染, 可降低染色風險。 ※ 深色與淺色衣物請分開洗滌，避免互相染色或產生移染現象。 ※ 穿搭時請避免與淺色衣物、配件、飾品一同搭配使用，以防止因摩擦或潮濕而導致染色。 | AW47: N | AX47: 2號袋 襯紙 | AY47: 外件主紗:尼龍100% 內件主紗:嫘縈49.3% 尼龍27.7% 聚酯纖維23% 尺寸:S M | AZ47: 4 | BA47: 2 | BB47: 3 | BC47: 1 | BD47: 2540129032002002 | BE47: R251231013 | BF47: A | BG47: 毛織 | BH47: =IF(COUNTIF(工作表1!A:A, $C47)>0, "預購款", "非預購款") -> 非預購款
A48: https://airsblobstage.blob.core.windows.net/photo/purchasephoto/EB19467F.webp | B48: EB | C48: 2540829028 | D48: EB19467F | E48: 83-19467F | F48: 20251231 | G48: 19467F | H48: XL | I48: 002 | J48: 白 | K48: N | L48: 假兩件領口鏤空交叉綁帶長袖短版針織衫 | M48: 26 | N48: 冬 | O48: W1 | P48: 2025-12-29 | R48: 2025-12-29 09:00:00 | S48: 20260114 | T48: A PLUS | U48: 針織 | V48: 長袖合身針織 | W48: 990 | X48: 39.99 | Y48: 129 | Z48: 709000 | AA48: 178200 | AB48: 448 | AD48: 追加單 | AE48: 1 | AF48: 0 | AI48: 30 | AJ48: 70 | AK48: 100 | AL48: 180 | AM48: 109 | AN48: 0 | AO48: 109 | AP48: Y | AQ48: 20260122 | AT48: B | AU48: B | AV48: 假兩件 洗滌注意： ※ 首次洗滌時,深色/飽和色系 較易釋出多餘的固色劑, 屬於正常現象。 ※ 深色衣物建議在首次穿著前先下水清洗, 有助釋出多餘染劑，減少掉色或移染, 可降低染色風險。 ※ 深色與淺色衣物請分開洗滌，避免互相染色或產生移染現象。 ※ 穿搭時請避免與淺色衣物、配件、飾品一同搭配使用，以防止因摩擦或潮濕而導致染色。 | AW48: N | AX48: 2號袋、襯紙 | AY48: 主紗:尼龍100%配紗:嫘縈49.3%尼龍27.7%聚酯纖維23% 尺寸:XL.2XL | AZ48: 4 | BA48: 2 | BB48: 3 | BC48: 1 | BD48: 2540829028002005 | BE48: R251231014 | BF48: E | BG48: 毛織 | BH48: =IF(COUNTIF(工作表1!A:A, $C48)>0, "預購款", "非預購款") -> 非預購款
A49: https://airsblobstage.blob.core.windows.net/photo/purchasephoto/EB19467F.webp | B49: EB | C49: 2540829028 | D49: EB19467F | E49: 83-19467F | F49: 20251231 | G49: 19467F | H49: 2XL | I49: 002 | J49: 白 | K49: N | L49: 假兩件領口鏤空交叉綁帶長袖短版針織衫 | M49: 26 | N49: 冬 | O49: W1 | P49: 2025-12-29 | R49: 2025-12-29 09:00:00 | S49: 20260114 | T49: A PLUS | U49: 針織 | V49: 長袖合身針織 | W49: 990 | X49: 39.99 | Y49: 129 | Z49: 709000 | AA49: 178200 | AB49: 448 | AD49: 追加單 | AE49: 1 | AF49: 0 | AI49: 30 | AJ49: 50 | AK49: 80 | AL49: 180 | AM49: 85 | AN49: 0 | AO49: 85 | AP49: Y | AQ49: 20260122 | AT49: B | AU49: B | AV49: 假兩件 洗滌注意： ※ 首次洗滌時,深色/飽和色系 較易釋出多餘的固色劑, 屬於正常現象。 ※ 深色衣物建議在首次穿著前先下水清洗, 有助釋出多餘染劑，減少掉色或移染, 可降低染色風險。 ※ 深色與淺色衣物請分開洗滌，避免互相染色或產生移染現象。 ※ 穿搭時請避免與淺色衣物、配件、飾品一同搭配使用，以防止因摩擦或潮濕而導致染色。 | AW49: N | AX49: 2號袋、襯紙 | AY49: 主紗:尼龍100%配紗:嫘縈49.3%尼龍27.7%聚酯纖維23% 尺寸:XL.2XL | AZ49: 4 | BA49: 2 | BB49: 3 | BC49: 1 | BD49: 2540829028002006 | BE49: R251231014 | BF49: E | BG49: 毛織 | BH49: =IF(COUNTIF(工作表1!A:A, $C49)>0, "預購款", "非預購款") -> 非預購款
A50: https://airsblobstage.blob.core.windows.net/photo/purchasephoto/GE90936A.webp | B50: GE | C50: 2540721029 | D50: GE90936A | E50: 122-90936A | F50: 20251231 | G50: 90936A | H50: S | I50: 180 | J50: 酒紅 | K50: N | L50: 一字領雙細肩帶側抓皺長袖短版BRA TOP | M50: 26 | N50: 冬 | O50: W1 | P50: 2025-12-29 | R50: 2025-12-29 09:00:00 | S50: 20260114 | T50: CA | U50: 上衣 | V50: 長袖短版合身上衣 | W50: 690 | X50: 29.99 | Y50: 89 | Z50: 499000 | AA50: 288420 | AB50: 250 | AD50: 追加單 | AE50: 1 | AF50: 10 | AI50: 20 | AJ50: 200 | AK50: 230 | AL50: 418 | AM50: 240 | AN50: 0 | AO50: 240 | AP50: Y | AQ50: 20260122 | AR50: B | AS50: B | AT50: 1 | AU50: B | AV50: GE90936A、GE90939A兩款同料、含可拆胸棉1.3CM 洗滌注意事項： ※ 首次洗滌時，深色／飽和色系布料較易釋出多餘的固色劑，屬正常現象。 ※ 建議深色衣物於首次穿著前先行單獨下水清洗，有助釋出多餘染劑，減少移染或掉色風險。 ※ 請與淺色衣物分開洗滌，避免互相染色或產生移染情形。 ※ 穿搭時亦建議避免與淺色配件、包款、飾品一同使用，以降低因摩擦或潮濕造成染色的可能性。 | AW50: N | AX50: 2號袋、小紙板、胸殼 | AY50: 表布:嫘縈38%棉28.5%亞克力纖維28.5%彈性纖維5% 裡布:聚酯纖維100% 罩杯裡層材質:聚酯纖維100% 尺寸:S、M、L | AZ50: 4 | BA50: 3 | BB50: 2 | BC50: 2 | BD50: 2540721029180001 | BE50: R251231022 | BF50: CA | BG50: 針織 | BH50: =IF(COUNTIF(工作表1!A:A, $C50)>0, "預購款", "非預購款") -> 非預購款
A51: https://airsblobstage.blob.core.windows.net/photo/purchasephoto/GE90936A.webp | B51: GE | C51: 2540721029 | D51: GE90936A | E51: 122-90936A | F51: 20251231 | G51: 90936A | H51: M | I51: 180 | J51: 酒紅 | K51: N | L51: 一字領雙細肩帶側抓皺長袖短版BRA TOP | M51: 26 | N51: 冬 | O51: W1 | P51: 2025-12-29 | R51: 2025-12-29 09:00:00 | S51: 20260114 | T51: CA | U51: 上衣 | V51: 長袖短版合身上衣 | W51: 690 | X51: 29.99 | Y51: 89 | Z51: 499000 | AA51: 288420 | AB51: 250 | AD51: 追加單 | AE51: 1 | AF51: 8 | AI51: 20 | AJ51: 130 | AK51: 158 | AL51: 418 | AM51: 170 | AN51: 0 | AO51: 170 | AP51: Y | AQ51: 20260122 | AR51: B | AS51: B | AT51: 1 | AU51: B | AV51: GE90936A、GE90939A兩款同料、含可拆胸棉1.3CM 洗滌注意事項： ※ 首次洗滌時，深色／飽和色系布料較易釋出多餘的固色劑，屬正常現象。 ※ 建議深色衣物於首次穿著前先行單獨下水清洗，有助釋出多餘染劑，減少移染或掉色風險。 ※ 請與淺色衣物分開洗滌，避免互相染色或產生移染情形。 ※ 穿搭時亦建議避免與淺色配件、包款、飾品一同使用，以降低因摩擦或潮濕造成染色的可能性。 | AW51: N | AX51: 2號袋、小紙板、胸殼 | AY51: 表布:嫘縈38%棉28.5%亞克力纖維28.5%彈性纖維5% 裡布:聚酯纖維100% 罩杯裡層材質:聚酯纖維100% 尺寸:S、M、L | AZ51: 4 | BA51: 3 | BB51: 2 | BC51: 2 | BD51: 2540721029180002 | BE51: R251231022 | BF51: CA | BG51: 針織 | BH51: =IF(COUNTIF(工作表1!A:A, $C51)>0, "預購款", "非預購款") -> 非預購款
A52: https://airsblobstage.blob.core.windows.net/photo/purchasephoto/GE90936A.webp | B52: GE | C52: 2540721029 | D52: GE90936A | E52: 122-90936A | F52: 20251231 | G52: 90936A | H52: L | I52: 180 | J52: 酒紅 | K52: N | L52: 一字領雙細肩帶側抓皺長袖短版BRA TOP | M52: 26 | N52: 冬 | O52: W1 | P52: 2025-12-29 | R52: 2025-12-29 09:00:00 | S52: 20260114 | T52: CA | U52: 上衣 | V52: 長袖短版合身上衣 | W52: 690 | X52: 29.99 | Y52: 89 | Z52: 499000 | AA52: 288420 | AB52: 250 | AD52: 追加單 | AE52: 1 | AF52: 0 | AI52: 10 | AJ52: 20 | AK52: 30 | AL52: 418 | AM52: 40 | AN52: 0 | AO52: 40 | AP52: Y | AQ52: 20260122 | AR52: B | AS52: B | AT52: 1 | AU52: B | AV52: GE90936A、GE90939A兩款同料、含可拆胸棉1.3CM 洗滌注意事項： ※ 首次洗滌時，深色／飽和色系布料較易釋出多餘的固色劑，屬正常現象。 ※ 建議深色衣物於首次穿著前先行單獨下水清洗，有助釋出多餘染劑，減少移染或掉色風險。 ※ 請與淺色衣物分開洗滌，避免互相染色或產生移染情形。 ※ 穿搭時亦建議避免與淺色配件、包款、飾品一同使用，以降低因摩擦或潮濕造成染色的可能性。 | AW52: N | AX52: 2號袋、小紙板、胸殼 | AY52: 表布:嫘縈38%棉28.5%亞克力纖維28.5%彈性纖維5% 裡布:聚酯纖維100% 罩杯裡層材質:聚酯纖維100% 尺寸:S、M、L | AZ52: 4 | BA52: 3 | BB52: 2 | BC52: 2 | BD52: 2540721029180003 | BE52: R251231022 | BF52: CA | BG52: 針織 | BH52: =IF(COUNTIF(工作表1!A:A, $C52)>0, "預購款", "非預購款") -> 非預購款
A53: https://airsblobstage.blob.core.windows.net/photo/purchasephoto/GT8992Q.webp | B53: GT | C53: 2541829077 | D53: GT8992Q | E53: 131-8992Q | F53: 20251231 | G53: 8992Q | H53: S | I53: 002 | J53: 白 | K53: N | L53: 2 WAY大圓領蝴蝶結緹花圖案長袖寬版仿貂毛毛衣 | M53: 26 | N53: 冬 | O53: W1 | P53: 2025-12-29 | R53: 2025-12-29 09:00:00 | S53: 20260114 | T53: OL | U53: 針織 | V53: 長袖寬鬆針織 | W53: 890 | X53: 39.99 | Y53: 115 | Z53: 639000 | AA53: 640800 | AB53: 512 | AD53: 追加單 | AE53: 1 | AF53: 0 | AI53: 0 | AJ53: 520 | AK53: 520 | AL53: 720 | AM53: 530 | AN53: 0 | AO53: 530 | AP53: Y | AQ53: 20260119 | AR53: C | AS53: B | AT53: A | AU53: B | AV53: 兩穿 洗滌注意： ※ 首次洗滌時,深色/飽和色系 較易釋出多餘的固色劑, 屬於正常現象。 ※ 深色衣物建議在首次穿著前先下水清洗, 有助釋出多餘染劑，減少掉色或移染, 可降低染色風險。 ※ 深色與淺色衣物請分開洗滌，避免互相染色或產生移染現象。 ※ 穿搭時請避免與淺色衣物、配件、飾品一同搭配使用，以防止因摩擦或潮濕而導致染色。 | AW53: N | AX53: 3號袋、襯紙 | AY53: 主紗:100%尼龍 配紗:嫘縈48%聚酯纖維30%尼龍22% 尺寸S.M | AZ53: 5 | BA53: 3 | BB53: 3 | BC53: 1 | BD53: 2541829077002001 | BE53: R251231027 | BF53: B | BG53: 毛織 | BH53: =IF(COUNTIF(工作表1!A:A, $C53)>0, "預購款", "非預購款") -> 非預購款
A54: https://airsblobstage.blob.core.windows.net/photo/purchasephoto/GT8992Q.webp | B54: GT | C54: 2541829077 | D54: GT8992Q | E54: 131-8992Q | F54: 20251231 | G54: 8992Q | H54: M | I54: 002 | J54: 白 | K54: N | L54: 2 WAY大圓領蝴蝶結緹花圖案長袖寬版仿貂毛毛衣 | M54: 26 | N54: 冬 | O54: W1 | P54: 2025-12-29 | R54: 2025-12-29 09:00:00 | S54: 20260114 | T54: OL | U54: 針織 | V54: 長袖寬鬆針織 | W54: 890 | X54: 39.99 | Y54: 115 | Z54: 639000 | AA54: 640800 | AB54: 512 | AD54: 追加單 | AE54: 1 | AF54: 0 | AI54: 0 | AJ54: 200 | AK54: 200 | AL54: 720 | AM54: 210 | AN54: 0 | AO54: 210 | AP54: Y | AQ54: 20260119 | AR54: C | AS54: B | AT54: A | AU54: B | AV54: 兩穿 洗滌注意： ※ 首次洗滌時,深色/飽和色系 較易釋出多餘的固色劑, 屬於正常現象。 ※ 深色衣物建議在首次穿著前先下水清洗, 有助釋出多餘染劑，減少掉色或移染, 可降低染色風險。 ※ 深色與淺色衣物請分開洗滌，避免互相染色或產生移染現象。 ※ 穿搭時請避免與淺色衣物、配件、飾品一同搭配使用，以防止因摩擦或潮濕而導致染色。 | AW54: N | AX54: 3號袋、襯紙 | AY54: 主紗:100%尼龍 配紗:嫘縈48%聚酯纖維30%尼龍22% 尺寸S.M | AZ54: 5 | BA54: 3 | BB54: 3 | BC54: 1 | BD54: 2541829077002002 | BE54: R251231027 | BF54: B | BG54: 毛織 | BH54: =IF(COUNTIF(工作表1!A:A, $C54)>0, "預購款", "非預購款") -> 非預購款
A55: https://airsblobstage.blob.core.windows.net/photo/purchasephoto/XY62588.webp | B55: XY | C55: 2540122008 | D55: XY62588 | E55: 297-62588 | F55: 20251231 | G55: 62588 | H55: S | I55: 001 | J55: 黑 | K55: N | L55: 挺版百褶皮質短裙 | M55: 26 | N55: 冬 | O55: W1 | P55: 2025-12-29 | R55: 2025-12-29 09:00:00 | S55: 20260114 | T55: AS | U55: 裙子 | V55: 短裙 | W55: 790 | X55: 34.99 | Y55: 99 | Z55: 569000 | AA55: 195920 | AB55: 340 | AD55: 追加單 | AE55: 1 | AF55: 10 | AI55: 0 | AJ55: 110 | AK55: 120 | AL55: 248 | AM55: 129 | AN55: 0 | AO55: 129 | AP55: Y | AQ55: 20260119 | AR55: B | AS55: B | AT55: A | AU55: B | AV55: 褲裡 洗滌注意： 1.深淺色皮革請分開放置，以避免造成互相移染。 2.穿著時，請留意避免與配件包包等他物接觸摩擦。 3.皮製品請勿下水洗滌，建議可用軟布輕輕擦拭，也可沾取少量清水擦拭後陰乾。 | AW55: N | AX55: 2號袋 襯紙 | AY55: 表層:PU100% 裡層:聚酯纖維100% 裡布:聚酯纖維100% 尺寸:S M L | AZ55: 1 | BA55: 3 | BB55: 3 | BC55: 2 | BD55: 2540122008001001 | BE55: R251231032 | BF55: A | BG55: 平織 | BH55: =IF(COUNTIF(工作表1!A:A, $C55)>0, "預購款", "非預購款") -> 非預購款
A56: https://airsblobstage.blob.core.windows.net/photo/purchasephoto/XY62588.webp | B56: XY | C56: 2540122008 | D56: XY62588 | E56: 297-62588 | F56: 20251231 | G56: 62588 | H56: M | I56: 001 | J56: 黑 | K56: N | L56: 挺版百褶皮質短裙 | M56: 26 | N56: 冬 | O56: W1 | P56: 2025-12-29 | R56: 2025-12-29 09:00:00 | S56: 20260114 | T56: AS | U56: 裙子 | V56: 短裙 | W56: 790 | X56: 34.99 | Y56: 99 | Z56: 569000 | AA56: 195920 | AB56: 340 | AD56: 追加單 | AE56: 1 | AF56: 8 | AI56: 0 | AJ56: 80 | AK56: 88 | AL56: 248 | AM56: 98 | AN56: 0 | AO56: 98 | AP56: Y | AQ56: 20260119 | AR56: B | AS56: B | AT56: A | AU56: B | AV56: 褲裡 洗滌注意： 1.深淺色皮革請分開放置，以避免造成互相移染。 2.穿著時，請留意避免與配件包包等他物接觸摩擦。 3.皮製品請勿下水洗滌，建議可用軟布輕輕擦拭，也可沾取少量清水擦拭後陰乾。 | AW56: N | AX56: 2號袋 襯紙 | AY56: 表層:PU100% 裡層:聚酯纖維100% 裡布:聚酯纖維100% 尺寸:S M L | AZ56: 1 | BA56: 3 | BB56: 3 | BC56: 2 | BD56: 2540122008001002 | BE56: R251231032 | BF56: A | BG56: 平織 | BH56: =IF(COUNTIF(工作表1!A:A, $C56)>0, "預購款", "非預購款") -> 非預購款
A57: https://airsblobstage.blob.core.windows.net/photo/purchasephoto/XY62588.webp | B57: XY | C57: 2540122008 | D57: XY62588 | E57: 297-62588 | F57: 20251231 | G57: 62588 | H57: L | I57: 001 | J57: 黑 | K57: N | L57: 挺版百褶皮質短裙 | M57: 26 | N57: 冬 | O57: W1 | P57: 2025-12-29 | R57: 2025-12-29 09:00:00 | S57: 20260114 | T57: AS | U57: 裙子 | V57: 短裙 | W57: 790 | X57: 34.99 | Y57: 99 | Z57: 569000 | AA57: 195920 | AB57: 340 | AD57: 追加單 | AE57: 1 | AF57: 0 | AI57: 0 | AJ57: 40 | AK57: 40 | AL57: 248 | AM57: 46 | AN57: 0 | AO57: 46 | AP57: Y | AQ57: 20260119 | AR57: B | AS57: B | AT57: A | AU57: B | AV57: 褲裡 洗滌注意： 1.深淺色皮革請分開放置，以避免造成互相移染。 2.穿著時，請留意避免與配件包包等他物接觸摩擦。 3.皮製品請勿下水洗滌，建議可用軟布輕輕擦拭，也可沾取少量清水擦拭後陰乾。 | AW57: N | AX57: 2號袋 襯紙 | AY57: 表層:PU100% 裡層:聚酯纖維100% 裡布:聚酯纖維100% 尺寸:S M L | AZ57: 1 | BA57: 3 | BB57: 3 | BC57: 2 | BD57: 2540122008001003 | BE57: R251231032 | BF57: A | BG57: 平織 | BH57: =IF(COUNTIF(工作表1!A:A, $C57)>0, "預購款", "非預購款") -> 非預購款
A58: https://airsblobstage.blob.core.windows.net/photo/purchasephoto/XY6883QF.webp | B58: XY | C58: 2540829018 | D58: XY6883QF | E58: 297-6883QF | F58: 20251231 | G58: 6883QF | H58: XL | I58: 002 | J58: 白 | K58: N | L58: 圓領挖肩綁帶袖仿貂毛短版毛衣 | M58: 26 | N58: 冬 | O58: W1 | P58: 2025-12-29 | R58: 2025-12-29 09:00:00 | S58: 20260114 | T58: A PLUS | U58: 針織 | V58: 長袖針織 | W58: 890 | X58: 39.99 | Y58: 115 | Z58: 639000 | AA58: 234070 | AB58: 392 | AD58: 追加單 | AE58: 1 | AF58: 3 | AI58: 30 | AJ58: 160 | AK58: 193 | AL58: 263 | AM58: 210 | AN58: 0 | AO58: 210 | AP58: Y | AQ58: 20260119 | AS58: B | AT58: B | AU58: B | AV58: 洗滌注意： ※ 首次洗滌時,深色/飽和色系 較易釋出多餘的固色劑, 屬於正常現象。 ※ 深色衣物建議在首次穿著前先下水清洗, 有助釋出多餘染劑，減少掉色或移染, 可降低染色風險。 ※ 深色與淺色衣物請分開洗滌，避免互相染色或產生移染現象。 ※ 穿搭時請避免與淺色衣物、配件、飾品一同搭配使用，以防止因摩擦或潮濕而導致染色。 | AW58: N | AX58: 3號袋、襯紙 | AY58: 主紗:尼龍100% 尺寸:.XL.2XL | AZ58: 5 | BA58: 3 | BB58: 3 | BC58: 1 | BD58: 2540829018002005 | BE58: R251231040 | BF58: E | BG58: 毛織 | BH58: =IF(COUNTIF(工作表1!A:A, $C58)>0, "預購款", "非預購款") -> 非預購款
A59: https://airsblobstage.blob.core.windows.net/photo/purchasephoto/XY6883QF.webp | B59: XY | C59: 2540829018 | D59: XY6883QF | E59: 297-6883QF | F59: 20251231 | G59: 6883QF | H59: 2XL | I59: 002 | J59: 白 | K59: N | L59: 圓領挖肩綁帶袖仿貂毛短版毛衣 | M59: 26 | N59: 冬 | O59: W1 | P59: 2025-12-29 | R59: 2025-12-29 09:00:00 | S59: 20260114 | T59: A PLUS | U59: 針織 | V59: 長袖針織 | W59: 890 | X59: 39.99 | Y59: 115 | Z59: 639000 | AA59: 234070 | AB59: 392 | AD59: 追加單 | AE59: 1 | AF59: 0 | AI59: 20 | AJ59: 50 | AK59: 70 | AL59: 263 | AM59: 80 | AN59: 0 | AO59: 80 | AP59: Y | AQ59: 20260119 | AS59: B | AT59: B | AU59: B | AV59: 洗滌注意： ※ 首次洗滌時,深色/飽和色系 較易釋出多餘的固色劑, 屬於正常現象。 ※ 深色衣物建議在首次穿著前先下水清洗, 有助釋出多餘染劑，減少掉色或移染, 可降低染色風險。 ※ 深色與淺色衣物請分開洗滌，避免互相染色或產生移染現象。 ※ 穿搭時請避免與淺色衣物、配件、飾品一同搭配使用，以防止因摩擦或潮濕而導致染色。 | AW59: N | AX59: 3號袋、襯紙 | AY59: 主紗:尼龍100% 尺寸:.XL.2XL | AZ59: 5 | BA59: 3 | BB59: 3 | BC59: 1 | BD59: 2540829018002006 | BE59: R251231040 | BF59: E | BG59: 毛織 | BH59: =IF(COUNTIF(工作表1!A:A, $C59)>0, "預購款", "非預購款") -> 非預購款
A60: https://airsblobstage.blob.core.windows.net/photo/purchasephoto/WX0813Q.webp | B60: WX | C60: 2541822006 | D60: WX0813Q | E60: 337-0813Q | F60: 20251231 | G60: 0813Q | H60: S | I60: 002 | J60: 白 | K60: N | L60: 【奶霜柔暖】側打褶鬆緊直筒針織長裙 | M60: 26 | N60: 冬 | O60: W1 | P60: 2025-12-29 | R60: 2025-12-29 09:00:00 | S60: 20260114 | T60: OL | U60: 裙子 | V60: 長裙 | W60: 990 | X60: 39.99 | Y60: 129 | Z60: 709000 | AA60: 207900 | AB60: 644 | AD60: 追加單 | AE60: 1 | AF60: 0 | AI60: 0 | AJ60: 130 | AK60: 130 | AL60: 210 | AM60: 130 | AN60: 0 | AO60: 130 | AP60: Y | AQ60: 20260130 | AR60: B | AS60: B | AT60: B | AU60: B | AV60: 奶霜企劃 洗滌注意： ※ 首次洗滌時,深色/飽和色系 較易釋出多餘的固色劑, 屬於正常現象。 ※ 深色衣物建議在首次穿著前先下水清洗, 有助釋出多餘染劑，減少掉色或移染, 可降低染色風險。 ※ 深色與淺色衣物請分開洗滌，避免互相染色或產生移染現象。 ※ 穿搭時請避免與淺色衣物、配件、飾品一同搭配使用，以防止因摩擦或潮濕而導致染色。 | AW60: Y | AX60: 3號袋、襯紙 | AY60: 主紗:嫘縈45%尼龍30%聚酯纖維25% 配紗:尼龍100% 尺寸:S.M | AZ60: 4 | BA60: 3 | BB60: 3 | BC60: 1 | BD60: 2541822006002001 | BE60: R251231042 | BF60: B | BG60: 毛織 | BH60: =IF(COUNTIF(工作表1!A:A, $C60)>0, "預購款", "非預購款") -> 非預購款
A61: https://airsblobstage.blob.core.windows.net/photo/purchasephoto/WX0813Q.webp | B61: WX | C61: 2541822006 | D61: WX0813Q | E61: 337-0813Q | F61: 20251231 | G61: 0813Q | H61: M | I61: 002 | J61: 白 | K61: N | L61: 【奶霜柔暖】側打褶鬆緊直筒針織長裙 | M61: 26 | N61: 冬 | O61: W1 | P61: 2025-12-29 | R61: 2025-12-29 09:00:00 | S61: 20260114 | T61: OL | U61: 裙子 | V61: 長裙 | W61: 990 | X61: 39.99 | Y61: 129 | Z61: 709000 | AA61: 207900 | AB61: 644 | AD61: 追加單 | AE61: 1 | AF61: 0 | AI61: 0 | AJ61: 80 | AK61: 80 | AL61: 210 | AM61: 80 | AN61: 0 | AO61: 80 | AP61: Y | AQ61: 20260130 | AR61: B | AS61: B | AT61: B | AU61: B | AV61: 奶霜企劃 洗滌注意： ※ 首次洗滌時,深色/飽和色系 較易釋出多餘的固色劑, 屬於正常現象。 ※ 深色衣物建議在首次穿著前先下水清洗, 有助釋出多餘染劑，減少掉色或移染, 可降低染色風險。 ※ 深色與淺色衣物請分開洗滌，避免互相染色或產生移染現象。 ※ 穿搭時請避免與淺色衣物、配件、飾品一同搭配使用，以防止因摩擦或潮濕而導致染色。 | AW61: Y | AX61: 3號袋、襯紙 | AY61: 主紗:嫘縈45%尼龍30%聚酯纖維25% 配紗:尼龍100% 尺寸:S.M | AZ61: 4 | BA61: 3 | BB61: 3 | BC61: 1 | BD61: 2541822006002002 | BE61: R251231042 | BF61: B | BG61: 毛織 | BH61: =IF(COUNTIF(工作表1!A:A, $C61)>0, "預購款", "非預購款") -> 非預購款
A62: https://airsblobstage.blob.core.windows.net/photo/purchasephoto/WX0814Q.webp | B62: WX | C62: 2541829079 | D62: WX0814Q | E62: 337-0814Q | F62: 20251231 | G62: 0814Q | H62: S | I62: 002 | J62: 白 | K62: N | L62: 【奶霜柔暖】V領長袖短版排扣開襟針織衫 | M62: 26 | N62: 冬 | O62: W1 | P62: 2025-12-29 | R62: 2025-12-29 09:00:00 | S62: 20260114 | T62: OL | U62: 針織 | V62: 長袖寬鬆針織 | W62: 890 | X62: 39.99 | Y62: 115 | Z62: 639000 | AA62: 345320 | AB62: 416 | AD62: 追加單 | AE62: 1 | AF62: 10 | AI62: 30 | AJ62: 240 | AK62: 280 | AL62: 388 | AM62: 281 | AN62: 0 | AO62: 281 | AP62: Y | AQ62: 20260130 | AR62: C | AS62: B | AT62: B | AU62: B | AV62: 奶霜企劃 洗滌注意： ※ 首次洗滌時,深色/飽和色系 較易釋出多餘的固色劑, 屬於正常現象。 ※ 深色衣物建議在首次穿著前先下水清洗, 有助釋出多餘染劑，減少掉色或移染, 可降低染色風險。 ※ 深色與淺色衣物請分開洗滌，避免互相染色或產生移染現象。 ※ 穿搭時請避免與淺色衣物、配件、飾品一同搭配使用，以防止因摩擦或潮濕而導致染色。 | AW62: Y | AX62: 3號袋、襯紙 | AY62: 主紗:嫘縈45%尼龍30%聚酯纖維25% 配紗:尼龍100% 尺寸:S.M | AZ62: 4 | BA62: 3 | BB62: 3 | BC62: 1 | BD62: 2541829079002001 | BE62: R251231043 | BF62: B | BG62: 毛織 | BH62: =IF(COUNTIF(工作表1!A:A, $C62)>0, "預購款", "非預購款") -> 非預購款
A63: https://airsblobstage.blob.core.windows.net/photo/purchasephoto/WX0814Q.webp | B63: WX | C63: 2541829079 | D63: WX0814Q | E63: 337-0814Q | F63: 20251231 | G63: 0814Q | H63: M | I63: 002 | J63: 白 | K63: N | L63: 【奶霜柔暖】V領長袖短版排扣開襟針織衫 | M63: 26 | N63: 冬 | O63: W1 | P63: 2025-12-29 | R63: 2025-12-29 09:00:00 | S63: 20260114 | T63: OL | U63: 針織 | V63: 長袖寬鬆針織 | W63: 890 | X63: 39.99 | Y63: 115 | Z63: 639000 | AA63: 345320 | AB63: 416 | AD63: 追加單 | AE63: 1 | AF63: 8 | AI63: 20 | AJ63: 80 | AK63: 108 | AL63: 388 | AM63: 109 | AN63: 0 | AO63: 109 | AP63: Y | AQ63: 20260130 | AR63: C | AS63: B | AT63: B | AU63: B | AV63: 奶霜企劃 洗滌注意： ※ 首次洗滌時,深色/飽和色系 較易釋出多餘的固色劑, 屬於正常現象。 ※ 深色衣物建議在首次穿著前先下水清洗, 有助釋出多餘染劑，減少掉色或移染, 可降低染色風險。 ※ 深色與淺色衣物請分開洗滌，避免互相染色或產生移染現象。 ※ 穿搭時請避免與淺色衣物、配件、飾品一同搭配使用，以防止因摩擦或潮濕而導致染色。 | AW63: Y | AX63: 3號袋、襯紙 | AY63: 主紗:嫘縈45%尼龍30%聚酯纖維25% 配紗:尼龍100% 尺寸:S.M | AZ63: 4 | BA63: 3 | BB63: 3 | BC63: 1 | BD63: 2541829079002002 | BE63: R251231043 | BF63: B | BG63: 毛織 | BH63: =IF(COUNTIF(工作表1!A:A, $C63)>0, "預購款", "非預購款") -> 非預購款
A64: https://airsblobstage.blob.core.windows.net/photo/purchasephoto/WX0818A.webp | B64: WX | C64: 2540721026 | D64: WX0818A | E64: 337-0818A | F64: 20251231 | G64: 0818A | H64: S | I64: 002 | J64: 白 | K64: Y | L64: 【奶霜柔暖】圓領長袖仿貂毛內裡短版針織衫 | M64: 26 | N64: 冬 | O64: W1 | P64: 2025-12-29 | R64: 2025-12-29 09:00:00 | S64: 20260114 | T64: CA | U64: 上衣 | V64: 長袖短版合身針織 | W64: 690 | X64: 29.99 | Y64: 89 | Z64: 499000 | AA64: 110400 | AB64: 330 | AD64: 追加單 | AE64: 1 | AF64: 0 | AI64: 20 | AJ64: 70 | AK64: 90 | AL64: 160 | AM64: 91 | AN64: 0 | AO64: 91 | AP64: Y | AQ64: 20260130 | AT64: B | AU64: B | AV64: WX0818A WX0911A同料 奶霜企劃 洗滌注意事項： ※ 首次洗滌時，深色／飽和色系布料較易釋出多餘的固色劑，屬正常現象。 ※ 建議深色衣物於首次穿著前先行單獨下水清洗，有助釋出多餘染劑，減少移染或掉色風險。 ※ 請與淺色衣物分開洗滌，避免互相染色或產生移染情形。 ※ 穿搭時亦建議避免與淺色配件、包款、飾品一同使用，以降低因摩擦或潮濕造成染色的可能性。 | AW64: Y | AX64: 2號袋、小紙板 | AY64: 主紗:嫘縈45%聚酯纖維25%尼龍30% 配紗:尼龍100% 尺寸:S、M | AZ64: 5 | BA64: 3 | BB64: 3 | BC64: 1 | BD64: 2540721026002001 | BE64: R251231044 | BF64: CA | BG64: 毛織 | BH64: =IF(COUNTIF(工作表1!A:A, $C64)>0, "預購款", "非預購款") -> 非預購款
A65: https://airsblobstage.blob.core.windows.net/photo/purchasephoto/WX0818A.webp | B65: WX | C65: 2540721026 | D65: WX0818A | E65: 337-0818A | F65: 20251231 | G65: 0818A | H65: M | I65: 002 | J65: 白 | K65: Y | L65: 【奶霜柔暖】圓領長袖仿貂毛內裡短版針織衫 | M65: 26 | N65: 冬 | O65: W1 | P65: 2025-12-29 | R65: 2025-12-29 09:00:00 | S65: 20260114 | T65: CA | U65: 上衣 | V65: 長袖短版合身針織 | W65: 690 | X65: 29.99 | Y65: 89 | Z65: 499000 | AA65: 110400 | AB65: 330 | AD65: 追加單 | AE65: 1 | AF65: 0 | AI65: 10 | AJ65: 60 | AK65: 70 | AL65: 160 | AM65: 70 | AN65: 0 | AO65: 70 | AP65: Y | AQ65: 20260130 | AT65: B | AU65: B | AV65: WX0818A WX0911A同料 奶霜企劃 洗滌注意事項： ※ 首次洗滌時，深色／飽和色系布料較易釋出多餘的固色劑，屬正常現象。 ※ 建議深色衣物於首次穿著前先行單獨下水清洗，有助釋出多餘染劑，減少移染或掉色風險。 ※ 請與淺色衣物分開洗滌，避免互相染色或產生移染情形。 ※ 穿搭時亦建議避免與淺色配件、包款、飾品一同使用，以降低因摩擦或潮濕造成染色的可能性。 | AW65: Y | AX65: 2號袋、小紙板 | AY65: 主紗:嫘縈45%聚酯纖維25%尼龍30% 配紗:尼龍100% 尺寸:S、M | AZ65: 5 | BA65: 3 | BB65: 3 | BC65: 1 | BD65: 2540721026002002 | BE65: R251231044 | BF65: CA | BG65: 毛織 | BH65: =IF(COUNTIF(工作表1!A:A, $C65)>0, "預購款", "非預購款") -> 非預購款
A66: https://airsblobstage.blob.core.windows.net/photo/purchasephoto/EB19477Q.webp | B66: EB | C66: 2541823014 | D66: EB19477Q | E66: 83-19477Q | F66: 20260102 | G66: 19477Q | H66: S+ | I66: 035 | J66: 淺灰 | K66: N | L66: 【AIR空氣棉零重力】完美腰線DNA雙扣喇叭長褲 | M66: 26 | N66: 冬 | O66: W2 | P66: 2026-01-05 | R66: 2026-01-05 09:00:00 | S66: 20260116 | T66: OL | U66: 褲子 | V66: 長褲 | W66: 890 | X66: 39.99 | Y66: 115 | Z66: 639000 | AA66: 271450 | AB66: 484 | AD66: 追加單 | AE66: 1 | AF66: 0 | AI66: 10 | AJ66: 10 | AK66: 20 | AL66: 305 | AM66: 28 | AN66: 0 | AO66: 28 | AP66: Y | AQ66: 20260123 | AR66: B | AS66: B | AT66: A | AU66: B | AV66: 空氣層DNA企劃 洗滌注意： ※ 首次洗滌時,深色/飽和色系 較易釋出多餘的固色劑, 屬於正常現象。 ※ 深色衣物建議在首次穿著前先下水清洗, 有助釋出多餘染劑，減少掉色或移染, 可降低染色風險。 ※ 深色與淺色衣物請分開洗滌，避免互相染色或產生移染現象。 ※ 穿搭時請避免與淺色衣物、配件、飾品一同搭配使用，以防止因摩擦或潮濕而導致染色。 | AW66: Y | AX66: 2號袋、襯紙、A02-B釦 | AY66: 表布:嫘縈55%聚酯纖維40%彈性纖維5% 尺寸S.S+.M.M+.L | AZ66: 4 | BA66: 4 | BB66: 3 | BC66: 2 | BD66: 2541823014035017 | BE66: R260102007 | BF66: B | BG66: 針織 | BH66: =IF(COUNTIF(工作表1!A:A, $C66)>0, "預購款", "非預購款") -> 非預購款
A67: https://airsblobstage.blob.core.windows.net/photo/purchasephoto/EB19477Q.webp | B67: EB | C67: 2541823014 | D67: EB19477Q | E67: 83-19477Q | F67: 20260102 | G67: 19477Q | H67: S | I67: 035 | J67: 淺灰 | K67: N | L67: 【AIR空氣棉零重力】完美腰線DNA雙扣喇叭長褲 | M67: 26 | N67: 冬 | O67: W2 | P67: 2026-01-05 | R67: 2026-01-05 09:00:00 | S67: 20260116 | T67: OL | U67: 褲子 | V67: 長褲 | W67: 890 | X67: 39.99 | Y67: 115 | Z67: 639000 | AA67: 271450 | AB67: 484 | AD67: 追加單 | AE67: 1 | AF67: 0 | AI67: 30 | AJ67: 150 | AK67: 180 | AL67: 305 | AM67: 179 | AN67: 0 | AO67: 179 | AP67: Y | AQ67: 20260123 | AR67: B | AS67: B | AT67: A | AU67: B | AV67: 空氣層DNA企劃 洗滌注意： ※ 首次洗滌時,深色/飽和色系 較易釋出多餘的固色劑, 屬於正常現象。 ※ 深色衣物建議在首次穿著前先下水清洗, 有助釋出多餘染劑，減少掉色或移染, 可降低染色風險。 ※ 深色與淺色衣物請分開洗滌，避免互相染色或產生移染現象。 ※ 穿搭時請避免與淺色衣物、配件、飾品一同搭配使用，以防止因摩擦或潮濕而導致染色。 | AW67: Y | AX67: 2號袋、襯紙、A02-B釦 | AY67: 表布:嫘縈55%聚酯纖維40%彈性纖維5% 尺寸S.S+.M.M+.L | AZ67: 4 | BA67: 4 | BB67: 3 | BC67: 2 | BD67: 2541823014035001 | BE67: R260102007 | BF67: B | BG67: 針織 | BH67: =IF(COUNTIF(工作表1!A:A, $C67)>0, "預購款", "非預購款") -> 非預購款
A68: https://airsblobstage.blob.core.windows.net/photo/purchasephoto/EB19477Q.webp | B68: EB | C68: 2541823014 | D68: EB19477Q | E68: 83-19477Q | F68: 20260102 | G68: 19477Q | H68: M+ | I68: 035 | J68: 淺灰 | K68: N | L68: 【AIR空氣棉零重力】完美腰線DNA雙扣喇叭長褲 | M68: 26 | N68: 冬 | O68: W2 | P68: 2026-01-05 | R68: 2026-01-05 09:00:00 | S68: 20260116 | T68: OL | U68: 褲子 | V68: 長褲 | W68: 890 | X68: 39.99 | Y68: 115 | Z68: 639000 | AA68: 271450 | AB68: 484 | AD68: 追加單 | AE68: 1 | AF68: 0 | AI68: 10 | AJ68: 15 | AK68: 25 | AL68: 305 | AM68: 29 | AN68: 0 | AO68: 29 | AP68: Y | AQ68: 20260123 | AR68: B | AS68: B | AT68: A | AU68: B | AV68: 空氣層DNA企劃 洗滌注意： ※ 首次洗滌時,深色/飽和色系 較易釋出多餘的固色劑, 屬於正常現象。 ※ 深色衣物建議在首次穿著前先下水清洗, 有助釋出多餘染劑，減少掉色或移染, 可降低染色風險。 ※ 深色與淺色衣物請分開洗滌，避免互相染色或產生移染現象。 ※ 穿搭時請避免與淺色衣物、配件、飾品一同搭配使用，以防止因摩擦或潮濕而導致染色。 | AW68: Y | AX68: 2號袋、襯紙、A02-B釦 | AY68: 表布:嫘縈55%聚酯纖維40%彈性纖維5% 尺寸S.S+.M.M+.L | AZ68: 4 | BA68: 4 | BB68: 3 | BC68: 2 | BD68: 2541823014035018 | BE68: R260102007 | BF68: B | BG68: 針織 | BH68: =IF(COUNTIF(工作表1!A:A, $C68)>0, "預購款", "非預購款") -> 非預購款
A69: https://airsblobstage.blob.core.windows.net/photo/purchasephoto/EB19477Q.webp | B69: EB | C69: 2541823014 | D69: EB19477Q | E69: 83-19477Q | F69: 20260102 | G69: 19477Q | H69: M | I69: 035 | J69: 淺灰 | K69: N | L69: 【AIR空氣棉零重力】完美腰線DNA雙扣喇叭長褲 | M69: 26 | N69: 冬 | O69: W2 | P69: 2026-01-05 | R69: 2026-01-05 09:00:00 | S69: 20260116 | T69: OL | U69: 褲子 | V69: 長褲 | W69: 890 | X69: 39.99 | Y69: 115 | Z69: 639000 | AA69: 271450 | AB69: 484 | AD69: 追加單 | AE69: 1 | AF69: 0 | AI69: 10 | AJ69: 30 | AK69: 40 | AL69: 305 | AM69: 47 | AN69: 0 | AO69: 47 | AP69: Y | AQ69: 20260123 | AR69: B | AS69: B | AT69: A | AU69: B | AV69: 空氣層DNA企劃 洗滌注意： ※ 首次洗滌時,深色/飽和色系 較易釋出多餘的固色劑, 屬於正常現象。 ※ 深色衣物建議在首次穿著前先下水清洗, 有助釋出多餘染劑，減少掉色或移染, 可降低染色風險。 ※ 深色與淺色衣物請分開洗滌，避免互相染色或產生移染現象。 ※ 穿搭時請避免與淺色衣物、配件、飾品一同搭配使用，以防止因摩擦或潮濕而導致染色。 | AW69: Y | AX69: 2號袋、襯紙、A02-B釦 | AY69: 表布:嫘縈55%聚酯纖維40%彈性纖維5% 尺寸S.S+.M.M+.L | AZ69: 4 | BA69: 4 | BB69: 3 | BC69: 2 | BD69: 2541823014035002 | BE69: R260102007 | BF69: B | BG69: 針織 | BH69: =IF(COUNTIF(工作表1!A:A, $C69)>0, "預購款", "非預購款") -> 非預購款
A70: https://airsblobstage.blob.core.windows.net/photo/purchasephoto/EB19477Q.webp | B70: EB | C70: 2541823014 | D70: EB19477Q | E70: 83-19477Q | F70: 20260102 | G70: 19477Q | H70: L | I70: 035 | J70: 淺灰 | K70: N | L70: 【AIR空氣棉零重力】完美腰線DNA雙扣喇叭長褲 | M70: 26 | N70: 冬 | O70: W2 | P70: 2026-01-05 | R70: 2026-01-05 09:00:00 | S70: 20260116 | T70: OL | U70: 褲子 | V70: 長褲 | W70: 890 | X70: 39.99 | Y70: 115 | Z70: 639000 | AA70: 271450 | AB70: 484 | AD70: 追加單 | AE70: 1 | AF70: 0 | AI70: 10 | AJ70: 30 | AK70: 40 | AL70: 305 | AM70: 46 | AN70: 0 | AO70: 46 | AP70: Y | AQ70: 20260123 | AR70: B | AS70: B | AT70: A | AU70: B | AV70: 空氣層DNA企劃 洗滌注意： ※ 首次洗滌時,深色/飽和色系 較易釋出多餘的固色劑, 屬於正常現象。 ※ 深色衣物建議在首次穿著前先下水清洗, 有助釋出多餘染劑，減少掉色或移染, 可降低染色風險。 ※ 深色與淺色衣物請分開洗滌，避免互相染色或產生移染現象。 ※ 穿搭時請避免與淺色衣物、配件、飾品一同搭配使用，以防止因摩擦或潮濕而導致染色。 | AW70: Y | AX70: 2號袋、襯紙、A02-B釦 | AY70: 表布:嫘縈55%聚酯纖維40%彈性纖維5% 尺寸S.S+.M.M+.L | AZ70: 4 | BA70: 4 | BB70: 3 | BC70: 2 | BD70: 2541823014035003 | BE70: R260102007 | BF70: B | BG70: 針織 | BH70: =IF(COUNTIF(工作表1!A:A, $C70)>0, "預購款", "非預購款") -> 非預購款
A71: https://airsblobstage.blob.core.windows.net/photo/purchasephoto/EB19517Q.webp | B71: EB | C71: 2541823013 | D71: EB19517Q | E71: 83-19517Q | F71: 20260102 | G71: 19517Q | H71: S+ | I71: 001 | J71: 黑 | K71: N | L71: 【AIR空氣棉零重力】完美腰線DNA雙扣直筒寬褲 | M71: 26 | N71: 冬 | O71: W2 | P71: 2026-01-05 | R71: 2026-01-05 09:00:00 | S71: 20260116 | T71: OL | U71: 褲子 | V71: 長褲 | W71: 890 | X71: 39.99 | Y71: 115 | Z71: 639000 | AA71: 289250 | AB71: 528 | AD71: 追加單 | AE71: 1 | AF71: 0 | AI71: 10 | AJ71: 30 | AK71: 40 | AL71: 325 | AM71: 47 | AN71: 0 | AO71: 47 | AP71: Y | AQ71: 20260130 | AR71: B | AS71: B | AT71: A | AU71: B | AV71: 空氣層DNA企劃 洗滌注意： ※ 首次洗滌時,深色/飽和色系 較易釋出多餘的固色劑, 屬於正常現象。 ※ 深色衣物建議在首次穿著前先下水清洗, 有助釋出多餘染劑，減少掉色或移染, 可降低染色風險。 ※ 深色與淺色衣物請分開洗滌，避免互相染色或產生移染現象。 ※ 穿搭時請避免與淺色衣物、配件、飾品一同搭配使用，以防止因摩擦或潮濕而導致染色。 | AW71: Y | AX71: 2號袋、襯紙、A02-B釦 | AY71: 表布:嫘縈55%聚酯纖維40%彈性纖維5% 尺寸:S.S+.M.M+.L | AZ71: 4 | BA71: 4 | BB71: 3 | BC71: 2 | BD71: 2541823013001017 | BE71: R260102008 | BF71: B | BG71: 針織 | BH71: =IF(COUNTIF(工作表1!A:A, $C71)>0, "預購款", "非預購款") -> 非預購款
A72: https://airsblobstage.blob.core.windows.net/photo/purchasephoto/EB19517Q.webp | B72: EB | C72: 2541823013 | D72: EB19517Q | E72: 83-19517Q | F72: 20260102 | G72: 19517Q | H72: S | I72: 001 | J72: 黑 | K72: N | L72: 【AIR空氣棉零重力】完美腰線DNA雙扣直筒寬褲 | M72: 26 | N72: 冬 | O72: W2 | P72: 2026-01-05 | R72: 2026-01-05 09:00:00 | S72: 20260116 | T72: OL | U72: 褲子 | V72: 長褲 | W72: 890 | X72: 39.99 | Y72: 115 | Z72: 639000 | AA72: 289250 | AB72: 528 | AD72: 追加單 | AE72: 1 | AF72: 0 | AI72: 30 | AJ72: 130 | AK72: 160 | AL72: 325 | AM72: 164 | AN72: 0 | AO72: 164 | AP72: Y | AQ72: 20260130 | AR72: B | AS72: B | AT72: A | AU72: B | AV72: 空氣層DNA企劃 洗滌注意： ※ 首次洗滌時,深色/飽和色系 較易釋出多餘的固色劑, 屬於正常現象。 ※ 深色衣物建議在首次穿著前先下水清洗, 有助釋出多餘染劑，減少掉色或移染, 可降低染色風險。 ※ 深色與淺色衣物請分開洗滌，避免互相染色或產生移染現象。 ※ 穿搭時請避免與淺色衣物、配件、飾品一同搭配使用，以防止因摩擦或潮濕而導致染色。 | AW72: Y | AX72: 2號袋、襯紙、A02-B釦 | AY72: 表布:嫘縈55%聚酯纖維40%彈性纖維5% 尺寸:S.S+.M.M+.L | AZ72: 4 | BA72: 4 | BB72: 3 | BC72: 2 | BD72: 2541823013001001 | BE72: R260102008 | BF72: B | BG72: 針織 | BH72: =IF(COUNTIF(工作表1!A:A, $C72)>0, "預購款", "非預購款") -> 非預購款
A73: https://airsblobstage.blob.core.windows.net/photo/purchasephoto/EB19517Q.webp | B73: EB | C73: 2541823013 | D73: EB19517Q | E73: 83-19517Q | F73: 20260102 | G73: 19517Q | H73: M+ | I73: 001 | J73: 黑 | K73: N | L73: 【AIR空氣棉零重力】完美腰線DNA雙扣直筒寬褲 | M73: 26 | N73: 冬 | O73: W2 | P73: 2026-01-05 | R73: 2026-01-05 09:00:00 | S73: 20260116 | T73: OL | U73: 褲子 | V73: 長褲 | W73: 890 | X73: 39.99 | Y73: 115 | Z73: 639000 | AA73: 289250 | AB73: 528 | AD73: 追加單 | AE73: 1 | AF73: 0 | AI73: 10 | AJ73: 10 | AK73: 20 | AL73: 325 | AM73: 27 | AN73: 0 | AO73: 27 | AP73: Y | AQ73: 20260130 | AR73: B | AS73: B | AT73: A | AU73: B | AV73: 空氣層DNA企劃 洗滌注意： ※ 首次洗滌時,深色/飽和色系 較易釋出多餘的固色劑, 屬於正常現象。 ※ 深色衣物建議在首次穿著前先下水清洗, 有助釋出多餘染劑，減少掉色或移染, 可降低染色風險。 ※ 深色與淺色衣物請分開洗滌，避免互相染色或產生移染現象。 ※ 穿搭時請避免與淺色衣物、配件、飾品一同搭配使用，以防止因摩擦或潮濕而導致染色。 | AW73: Y | AX73: 2號袋、襯紙、A02-B釦 | AY73: 表布:嫘縈55%聚酯纖維40%彈性纖維5% 尺寸:S.S+.M.M+.L | AZ73: 4 | BA73: 4 | BB73: 3 | BC73: 2 | BD73: 2541823013001018 | BE73: R260102008 | BF73: B | BG73: 針織 | BH73: =IF(COUNTIF(工作表1!A:A, $C73)>0, "預購款", "非預購款") -> 非預購款
A74: https://airsblobstage.blob.core.windows.net/photo/purchasephoto/EB19517Q.webp | B74: EB | C74: 2541823013 | D74: EB19517Q | E74: 83-19517Q | F74: 20260102 | G74: 19517Q | H74: M | I74: 001 | J74: 黑 | K74: N | L74: 【AIR空氣棉零重力】完美腰線DNA雙扣直筒寬褲 | M74: 26 | N74: 冬 | O74: W2 | P74: 2026-01-05 | R74: 2026-01-05 09:00:00 | S74: 20260116 | T74: OL | U74: 褲子 | V74: 長褲 | W74: 890 | X74: 39.99 | Y74: 115 | Z74: 639000 | AA74: 289250 | AB74: 528 | AD74: 追加單 | AE74: 1 | AF74: 0 | AI74: 15 | AJ74: 60 | AK74: 75 | AL74: 325 | AM74: 82 | AN74: 0 | AO74: 82 | AP74: Y | AQ74: 20260130 | AR74: B | AS74: B | AT74: A | AU74: B | AV74: 空氣層DNA企劃 洗滌注意： ※ 首次洗滌時,深色/飽和色系 較易釋出多餘的固色劑, 屬於正常現象。 ※ 深色衣物建議在首次穿著前先下水清洗, 有助釋出多餘染劑，減少掉色或移染, 可降低染色風險。 ※ 深色與淺色衣物請分開洗滌，避免互相染色或產生移染現象。 ※ 穿搭時請避免與淺色衣物、配件、飾品一同搭配使用，以防止因摩擦或潮濕而導致染色。 | AW74: Y | AX74: 2號袋、襯紙、A02-B釦 | AY74: 表布:嫘縈55%聚酯纖維40%彈性纖維5% 尺寸:S.S+.M.M+.L | AZ74: 4 | BA74: 4 | BB74: 3 | BC74: 2 | BD74: 2541823013001002 | BE74: R260102008 | BF74: B | BG74: 針織 | BH74: =IF(COUNTIF(工作表1!A:A, $C74)>0, "預購款", "非預購款") -> 非預購款
A75: https://airsblobstage.blob.core.windows.net/photo/purchasephoto/EB19517Q.webp | B75: EB | C75: 2541823013 | D75: EB19517Q | E75: 83-19517Q | F75: 20260102 | G75: 19517Q | H75: L | I75: 001 | J75: 黑 | K75: N | L75: 【AIR空氣棉零重力】完美腰線DNA雙扣直筒寬褲 | M75: 26 | N75: 冬 | O75: W2 | P75: 2026-01-05 | R75: 2026-01-05 09:00:00 | S75: 20260116 | T75: OL | U75: 褲子 | V75: 長褲 | W75: 890 | X75: 39.99 | Y75: 115 | Z75: 639000 | AA75: 289250 | AB75: 528 | AD75: 追加單 | AE75: 1 | AF75: 0 | AI75: 10 | AJ75: 20 | AK75: 30 | AL75: 325 | AM75: 36 | AN75: 0 | AO75: 36 | AP75: Y | AQ75: 20260130 | AR75: B | AS75: B | AT75: A | AU75: B | AV75: 空氣層DNA企劃 洗滌注意： ※ 首次洗滌時,深色/飽和色系 較易釋出多餘的固色劑, 屬於正常現象。 ※ 深色衣物建議在首次穿著前先下水清洗, 有助釋出多餘染劑，減少掉色或移染, 可降低染色風險。 ※ 深色與淺色衣物請分開洗滌，避免互相染色或產生移染現象。 ※ 穿搭時請避免與淺色衣物、配件、飾品一同搭配使用，以防止因摩擦或潮濕而導致染色。 | AW75: Y | AX75: 2號袋、襯紙、A02-B釦 | AY75: 表布:嫘縈55%聚酯纖維40%彈性纖維5% 尺寸:S.S+.M.M+.L | AZ75: 4 | BA75: 4 | BB75: 3 | BC75: 2 | BD75: 2541823013001003 | BE75: R260102008 | BF75: B | BG75: 針織 | BH75: =IF(COUNTIF(工作表1!A:A, $C75)>0, "預購款", "非預購款") -> 非預購款
A76: https://airsblobstage.blob.core.windows.net/photo/purchasephoto/GT9011A.webp | B76: GT | C76: 2540729025 | D76: GT9011A | E76: 131-9011A | F76: 20260102 | G76: 9011A | H76: S | I76: 002 | J76: 白 | K76: Y | L76: V領金屬珠扣長袖短版仿貂毛針織開襟衫 | M76: 26 | N76: 冬 | O76: W2 | P76: 2026-01-05 | R76: 2026-01-05 09:00:00 | S76: 20260116 | T76: CA | U76: 針織 | V76: 長袖短版針織 | W76: 790 | X76: 34.99 | Y76: 99 | Z76: 569000 | AA76: 244900 | AB76: 450 | AD76: 追加單 | AE76: 2 | AF76: 0 | AI76: 20 | AJ76: 100 | AK76: 120 | AL76: 310 | AM76: 130 | AN76: 0 | AO76: 130 | AP76: Y | AQ76: 20260119 | AR76: B | AS76: B | AT76: A | AU76: B | AV76: 洗滌注意事項： ※ 首次洗滌時，深色／飽和色系布料較易釋出多餘的固色劑，屬正常現象。 ※ 建議深色衣物於首次穿著前先行單獨下水清洗，有助釋出多餘染劑，減少移染或掉色風險。 ※ 請與淺色衣物分開洗滌，避免互相染色或產生移染情形。 ※ 穿搭時亦建議避免與淺色配件、包款、飾品一同使用，以降低因摩擦或潮濕造成染色的可能性。 | AW76: N | AX76: 2號袋、備扣袋、小紙板 | AY76: 主紗:尼龍100% 尺寸:S、M | AZ76: 4 | BA76: 3 | BB76: 5 | BC76: 1 | BD76: 2540729025002001 | BE76: R260102012 | BF76: CA | BG76: 毛織 | BH76: =IF(COUNTIF(工作表1!A:A, $C76)>0, "預購款", "非預購款") -> 非預購款
A77: https://airsblobstage.blob.core.windows.net/photo/purchasephoto/GT9011A.webp | B77: GT | C77: 2540729025 | D77: GT9011A | E77: 131-9011A | F77: 20260102 | G77: 9011A | H77: M | I77: 002 | J77: 白 | K77: Y | L77: V領金屬珠扣長袖短版仿貂毛針織開襟衫 | M77: 26 | N77: 冬 | O77: W2 | P77: 2026-01-05 | R77: 2026-01-05 09:00:00 | S77: 20260116 | T77: CA | U77: 針織 | V77: 長袖短版針織 | W77: 790 | X77: 34.99 | Y77: 99 | Z77: 569000 | AA77: 244900 | AB77: 450 | AD77: 追加單 | AE77: 2 | AF77: 0 | AI77: 10 | AJ77: 50 | AK77: 60 | AL77: 310 | AM77: 70 | AN77: 0 | AO77: 70 | AP77: Y | AQ77: 20260119 | AR77: B | AS77: B | AT77: A | AU77: B | AV77: 洗滌注意事項： ※ 首次洗滌時，深色／飽和色系布料較易釋出多餘的固色劑，屬正常現象。 ※ 建議深色衣物於首次穿著前先行單獨下水清洗，有助釋出多餘染劑，減少移染或掉色風險。 ※ 請與淺色衣物分開洗滌，避免互相染色或產生移染情形。 ※ 穿搭時亦建議避免與淺色配件、包款、飾品一同使用，以降低因摩擦或潮濕造成染色的可能性。 | AW77: N | AX77: 2號袋、備扣袋、小紙板 | AY77: 主紗:尼龍100% 尺寸:S、M | AZ77: 4 | BA77: 3 | BB77: 5 | BC77: 1 | BD77: 2540729025002002 | BE77: R260102012 | BF77: CA | BG77: 毛織 | BH77: =IF(COUNTIF(工作表1!A:A, $C77)>0, "預購款", "非預購款") -> 非預購款
... A87: https://airsblobstage.blob.core.windows.net/photo/purchasephoto/XY6902P.webp | B87: XY | C87: 2540129038 | D87: XY6902P | E87: 297-6902P | F87: 20260102 | G87: 6902P | H87: M | I87: 996 | J87: 淺藍 | K87: N | L87: 【Lyra & Toby】緹花圖案撞色線條滾邊V領長袖毛衣(附條紋綁帶) | M87: 26 | N87: 冬 | O87: W2 | P87: 2026-01-05 | R87: 2026-01-05 09:00:00 | S87: 20260116 | T87: AS | U87: 針織 | V87: 長袖寬鬆針織 | W87: 1280 | X87: 49.99 | Y87: 169 | Z87: 919000 | AA87: 768000 | AB87: 540 | AD87: 追加單 | AE87: 2 | AF87: 0 | AI87: 20 | AJ87: 90 | AK87: 110 | AL87: 600 | AM87: 120 | AN87: 0 | AO87: 120 | AP87: Y | AQ87: 20260123 | AR87: C | AS87: C | AT87: A | AU87: B | AV87: IP 洗滌注意： ※ 首次洗滌時,深色/飽和色系 較易釋出多餘的固色劑, 屬於正常現象。 ※ 深色衣物建議在首次穿著前先下水清洗, 有助釋出多餘染劑，減少掉色或移染, 可降低染色風險。 ※ 深色與淺色衣物請分開洗滌，避免互相染色或產生移染現象。 ※ 穿搭時請避免與淺色衣物、配件、飾品一同搭配使用，以防止因摩擦或潮濕而導致染色。 | AW87: N | AX87: 3號袋 襯紙 F34-IP吊牌+吊粒 | AY87: 主紗:聚酯纖維72% 亞克力纖維24%彈性纖維4% 配紗:亞克力纖維100% 尺寸:S M | AZ87: 4 | BA87: 4 | BB87: 4 | BC87: 1 | BD87: 2540129038996002 | BE87: R260102016 | BF87: A | BG87: 毛織 | BH87: =IF(COUNTIF(工作表1!A:A, $C87)>0, "預購款", "非預購款") -> 非預購款
A88: https://airsblobstage.blob.core.windows.net/photo/purchasephoto/XY6907P.webp | B88: XY | C88: 2540129041 | D88: XY6907P | E88: 297-6907P | F88: 20260102 | G88: 6907P | H88: S | I88: 002 | J88: 白 | K88: N | L88: 【Lyra & Toby】刺繡文字圖案圓領長袖短版毛衣 | M88: 26 | N88: 冬 | O88: W2 | P88: 2026-01-05 | R88: 2026-01-05 09:00:00 | S88: 20260116 | T88: AS | U88: 針織 | V88: 長袖寬鬆針織 | W88: 1080 | X88: 44.99 | Y88: 139 | Z88: 779000 | AA88: 615600 | AB88: 605 | AD88: 追加單 | AE88: 1 | AF88: 0 | AI88: 30 | AJ88: 370 | AK88: 400 | AL88: 570 | AM88: 409 | AN88: 0 | AO88: 409 | AP88: Y | AQ88: 20260123 | AR88: B | AT88: B | AU88: B | AV88: IP 洗滌注意： ※ 首次洗滌時,深色/飽和色系 較易釋出多餘的固色劑, 屬於正常現象。 ※ 深色衣物建議在首次穿著前先下水清洗, 有助釋出多餘染劑，減少掉色或移染, 可降低染色風險。 ※ 深色與淺色衣物請分開洗滌，避免互相染色或產生移染現象。 ※ 穿搭時請避免與淺色衣物、配件、飾品一同搭配使用，以防止因摩擦或潮濕而導致染色。 | AW88: N | AX88: 2號袋 襯紙 F34-IP吊牌+吊粒 | AY88: 主紗:聚酯纖維100% 尺寸:S M | AZ88: 4 | BA88: 3 | BB88: 3 | BC88: 2 | BD88: 2540129041002001 | BE88: R260102017 | BF88: A | BG88: 毛織 | BH88: =IF(COUNTIF(工作表1!A:A, $C88)>0, "預購款", "非預購款") -> 非預購款
A89: https://airsblobstage.blob.core.windows.net/photo/purchasephoto/XY6907P.webp | B89: XY | C89: 2540129041 | D89: XY6907P | E89: 297-6907P | F89: 20260102 | G89: 6907P | H89: M | I89: 002 | J89: 白 | K89: N | L89: 【Lyra & Toby】刺繡文字圖案圓領長袖短版毛衣 | M89: 26 | N89: 冬 | O89: W2 | P89: 2026-01-05 | R89: 2026-01-05 09:00:00 | S89: 20260116 | T89: AS | U89: 針織 | V89: 長袖寬鬆針織 | W89: 1080 | X89: 44.99 | Y89: 139 | Z89: 779000 | AA89: 615600 | AB89: 605 | AD89: 追加單 | AE89: 1 | AF89: 0 | AI89: 20 | AJ89: 150 | AK89: 170 | AL89: 570 | AM89: 180 | AN89: 0 | AO89: 180 | AP89: Y | AQ89: 20260123 | AR89: B | AT89: B | AU89: B | AV89: IP 洗滌注意： ※ 首次洗滌時,深色/飽和色系 較易釋出多餘的固色劑, 屬於正常現象。 ※ 深色衣物建議在首次穿著前先下水清洗, 有助釋出多餘染劑，減少掉色或移染, 可降低染色風險。 ※ 深色與淺色衣物請分開洗滌，避免互相染色或產生移染現象。 ※ 穿搭時請避免與淺色衣物、配件、飾品一同搭配使用，以防止因摩擦或潮濕而導致染色。 | AW89: N | AX89: 2號袋 襯紙 F34-IP吊牌+吊粒 | AY89: 主紗:聚酯纖維100% 尺寸:S M | AZ89: 4 | BA89: 3 | BB89: 3 | BC89: 2 | BD89: 2540129041002002 | BE89: R260102017 | BF89: A | BG89: 毛織 | BH89: =IF(COUNTIF(工作表1!A:A, $C89)>0, "預購款", "非預購款") -> 非預購款
A90: https://airsblobstage.blob.core.windows.net/photo/purchasephoto/BF2224A.webp | B90: BF | C90: 2540729027 | D90: BF2224A | E90: 44-2224A | F90: 20260102 | G90: 2224A | H90: S | I90: 017 | J90: 咖啡 | K90: N | L90: 深V領細條紋長袖寬版毛衣 | M90: 26 | N90: 冬 | O90: W2 | P90: 2026-01-05 | R90: 2026-01-05 09:00:00 | S90: 20260116 | T90: CA | U90: 針織 | V90: 長袖寬鬆針織 | W90: 890 | X90: 39.99 | Y90: 115 | Z90: 639000 | AA90: 115700 | AB90: 590 | AD90: 追加單 | AE90: 1 | AF90: 0 | AI90: 20 | AJ90: 60 | AK90: 80 | AL90: 130 | AM90: 86 | AN90: 0 | AO90: 86 | AP90: Y | AQ90: 20260115 | AR90: B | AS90: B | AT90: B | AU90: B | AV90: 洗滌注意事項： ※ 首次洗滌時，深色／飽和色系布料較易釋出多餘的固色劑，屬正常現象。 ※ 建議深色衣物於首次穿著前先行單獨下水清洗，有助釋出多餘染劑，減少移染或掉色風險。 ※ 請與淺色衣物分開洗滌，避免互相染色或產生移染情形。 ※ 穿搭時亦建議避免與淺色配件、包款、飾品一同使用，以降低因摩擦或潮濕造成染色的可能性。 | AW90: N | AX90: 3號袋、白紙板 | AY90: 主紗:亞克力纖維52% 尼龍28% 聚酯纖維20% 尺寸:S、M | AZ90: 4 | BA90: 4 | BB90: 5 | BC90: 2 | BD90: 2540729027017001 | BE90: R260102018 | BF90: CA | BG90: 毛織 | BH90: =IF(COUNTIF(工作表1!A:A, $C90)>0, "預購款", "非預購款") -> 非預購款
A91: https://airsblobstage.blob.core.windows.net/photo/purchasephoto/BF2224A.webp | B91: BF | C91: 2540729027 | D91: BF2224A | E91: 44-2224A | F91: 20260102 | G91: 2224A | H91: M | I91: 017 | J91: 咖啡 | K91: N | L91: 深V領細條紋長袖寬版毛衣 | M91: 26 | N91: 冬 | O91: W2 | P91: 2026-01-05 | R91: 2026-01-05 09:00:00 | S91: 20260116 | T91: CA | U91: 針織 | V91: 長袖寬鬆針織 | W91: 890 | X91: 39.99 | Y91: 115 | Z91: 639000 | AA91: 115700 | AB91: 590 | AD91: 追加單 | AE91: 1 | AF91: 0 | AI91: 10 | AJ91: 40 | AK91: 50 | AL91: 130 | AM91: 51 | AN91: 0 | AO91: 51 | AP91: Y | AQ91: 20260115 | AR91: B | AS91: B | AT91: B | AU91: B | AV91: 洗滌注意事項： ※ 首次洗滌時，深色／飽和色系布料較易釋出多餘的固色劑，屬正常現象。 ※ 建議深色衣物於首次穿著前先行單獨下水清洗，有助釋出多餘染劑，減少移染或掉色風險。 ※ 請與淺色衣物分開洗滌，避免互相染色或產生移染情形。 ※ 穿搭時亦建議避免與淺色配件、包款、飾品一同使用，以降低因摩擦或潮濕造成染色的可能性。 | AW91: N | AX91: 3號袋、白紙板 | AY91: 主紗:亞克力纖維52% 尼龍28% 聚酯纖維20% 尺寸:S、M | AZ91: 4 | BA91: 4 | BB91: 5 | BC91: 2 | BD91: 2540729027017002 | BE91: R260102018 | BF91: CA | BG91: 毛織 | BH91: =IF(COUNTIF(工作表1!A:A, $C91)>0, "預購款", "非預購款") -> 非預購款
A92: https://airsblobstage.blob.core.windows.net/photo/purchasephoto/AF12462.webp | B92: AF | C92: 2540121093 | D92: AF12462 | E92: 10-12462 | F92: 20260105 | G92: 12462 | H92: S | I92: 001 | J92: 黑 | K92: N | L92: 不對稱領細肩帶鏤空長袖短版上衣 | M92: 26 | N92: 冬 | O92: W1 | P92: 2025-12-29 | R92: 2025-12-29 09:00:00 | S92: 20260119 | T92: AS | U92: 上衣 | V92: 長袖合身上衣 | W92: 490 | X92: 22.99 | Y92: 60 | Z92: 355000 | AA92: 107800 | AB92: 190 | AD92: 追加單 | AE92: 1 | AF92: 0 | AI92: 20 | AJ92: 50 | AK92: 70 | AL92: 220 | AM92: 74 | AN92: 0 | AO92: 74 | AP92: Y | AQ92: 20260115 | AR92: B | AS92: B | AT92: B | AU92: A | AV92: 兩件價798 洗滌注意： ※ 首次洗滌時,深色/飽和色系 較易釋出多餘的固色劑, 屬於正常現象。 ※ 深色衣物建議在首次穿著前先下水清洗, 有助釋出多餘染劑，減少掉色或移染, 可降低染色風險。 ※ 深色與淺色衣物請分開洗滌，避免互相染色或產生移染現象。 ※ 穿搭時請避免與淺色衣物、配件、飾品一同搭配使用，以防止因摩擦或潮濕而導致染色。 | AW92: N | AX92: 2號袋 襯紙 F29-兩件價吊卡 | AY92: 表布:嫘縈92% 彈性纖維8% 尺寸:S M L | AZ92: 4 | BA92: 2 | BB92: 2 | BC92: 1 | BD92: 2540121093001001 | BE92: R260105006 | BF92: A | BG92: 針織 | BH92: =IF(COUNTIF(工作表1!A:A, $C92)>0, "預購款", "非預購款") -> 非預購款
A93: https://airsblobstage.blob.core.windows.net/photo/purchasephoto/AF12462.webp | B93: AF | C93: 2540121093 | D93: AF12462 | E93: 10-12462 | F93: 20260105 | G93: 12462 | H93: M | I93: 001 | J93: 黑 | K93: N | L93: 不對稱領細肩帶鏤空長袖短版上衣 | M93: 26 | N93: 冬 | O93: W1 | P93: 2025-12-29 | R93: 2025-12-29 09:00:00 | S93: 20260119 | T93: AS | U93: 上衣 | V93: 長袖合身上衣 | W93: 490 | X93: 22.99 | Y93: 60 | Z93: 355000 | AA93: 107800 | AB93: 190 | AD93: 追加單 | AE93: 1 | AF93: 0 | AI93: 40 | AJ93: 50 | AK93: 90 | AL93: 220 | AM93: 94 | AN93: 0 | AO93: 94 | AP93: Y | AQ93: 20260115 | AR93: B | AS93: B | AT93: B | AU93: A | AV93: 兩件價798 洗滌注意： ※ 首次洗滌時,深色/飽和色系 較易釋出多餘的固色劑, 屬於正常現象。 ※ 深色衣物建議在首次穿著前先下水清洗, 有助釋出多餘染劑，減少掉色或移染, 可降低染色風險。 ※ 深色與淺色衣物請分開洗滌，避免互相染色或產生移染現象。 ※ 穿搭時請避免與淺色衣物、配件、飾品一同搭配使用，以防止因摩擦或潮濕而導致染色。 | AW93: N | AX93: 2號袋 襯紙 F29-兩件價吊卡 | AY93: 表布:嫘縈92% 彈性纖維8% 尺寸:S M L | AZ93: 4 | BA93: 2 | BB93: 2 | BC93: 1 | BD93: 2540121093001002 | BE93: R260105006 | BF93: A | BG93: 針織 | BH93: =IF(COUNTIF(工作表1!A:A, $C93)>0, "預購款", "非預購款") -> 非預購款
A94: https://airsblobstage.blob.core.windows.net/photo/purchasephoto/AF12462.webp | B94: AF | C94: 2540121093 | D94: AF12462 | E94: 10-12462 | F94: 20260105 | G94: 12462 | H94: L | I94: 001 | J94: 黑 | K94: N | L94: 不對稱領細肩帶鏤空長袖短版上衣 | M94: 26 | N94: 冬 | O94: W1 | P94: 2025-12-29 | R94: 2025-12-29 09:00:00 | S94: 20260119 | T94: AS | U94: 上衣 | V94: 長袖合身上衣 | W94: 490 | X94: 22.99 | Y94: 60 | Z94: 355000 | AA94: 107800 | AB94: 190 | AD94: 追加單 | AE94: 1 | AF94: 0 | AI94: 30 | AJ94: 30 | AK94: 60 | AL94: 220 | AM94: 64 | AN94: 0 | AO94: 64 | AP94: Y | AQ94: 20260115 | AR94: B | AS94: B | AT94: B | AU94: A | AV94: 兩件價798 洗滌注意： ※ 首次洗滌時,深色/飽和色系 較易釋出多餘的固色劑, 屬於正常現象。 ※ 深色衣物建議在首次穿著前先下水清洗, 有助釋出多餘染劑，減少掉色或移染, 可降低染色風險。 ※ 深色與淺色衣物請分開洗滌，避免互相染色或產生移染現象。 ※ 穿搭時請避免與淺色衣物、配件、飾品一同搭配使用，以防止因摩擦或潮濕而導致染色。 | AW94: N | AX94: 2號袋 襯紙 F29-兩件價吊卡 | AY94: 表布:嫘縈92% 彈性纖維8% 尺寸:S M L | AZ94: 4 | BA94: 2 | BB94: 2 | BC94: 1 | BD94: 2540121093001003 | BE94: R260105006 | BF94: A | BG94: 針織 | BH94: =IF(COUNTIF(工作表1!A:A, $C94)>0, "預購款", "非預購款") -> 非預購款
A95: https://airsblobstage.blob.core.windows.net/photo/purchasephoto/EB19517Q.webp | B95: EB | C95: 2541823013 | D95: EB19517Q | E95: 83-19517Q | F95: 20260112 | G95: 19517Q | H95: S+ | I95: 001 | J95: 黑 | K95: N | L95: 【AIR空氣棉零重力】完美腰線DNA雙扣直筒寬褲 | M95: 26 | N95: 冬 | O95: W2 | P95: 2026-01-05 | R95: 2026-01-05 09:00:00 | S95: 20260126 | T95: OL | U95: 褲子 | V95: 長褲 | W95: 890 | X95: 39.99 | Y95: 115 | Z95: 639000 | AA95: 400500 | AB95: 528 | AD95: 追加單 | AE95: 2 | AF95: 0 | AI95: 10 | AJ95: 15 | AK95: 25 | AL95: 450 | AM95: 24 | AN95: 0 | AO95: 24 | AP95: Y | AQ95: 20260312 | AR95: B | AS95: B | AT95: A | AU95: B | AV95: 空氣層DNA企劃 洗滌注意： ※ 首次洗滌時,深色/飽和色系 較易釋出多餘的固色劑, 屬於正常現象。 ※ 深色衣物建議在首次穿著前先下水清洗, 有助釋出多餘染劑，減少掉色或移染, 可降低染色風險。 ※ 深色與淺色衣物請分開洗滌，避免互相染色或產生移染現象。 ※ 穿搭時請避免與淺色衣物、配件、飾品一同搭配使用，以防止因摩擦或潮濕而導致染色。 | AW95: Y | AX95: 2號袋、襯紙、A02-B釦 | AY95: 表布:嫘縈55%聚酯纖維40%彈性纖維5% 尺寸:S.S+.M.M+.L | AZ95: 4 | BA95: 4 | BB95: 3 | BC95: 2 | BD95: 2541823013001017 | BE95: R260112020 | BF95: B | BG95: 針織 | BH95: =IF(COUNTIF(工作表1!A:A, $C95)>0, "預購款", "非預購款") -> 非預購款
A96: https://airsblobstage.blob.core.windows.net/photo/purchasephoto/EB19517Q.webp | B96: EB | C96: 2541823013 | D96: EB19517Q | E96: 83-19517Q | F96: 20260112 | G96: 19517Q | H96: S | I96: 001 | J96: 黑 | K96: N | L96: 【AIR空氣棉零重力】完美腰線DNA雙扣直筒寬褲 | M96: 26 | N96: 冬 | O96: W2 | P96: 2026-01-05 | R96: 2026-01-05 09:00:00 | S96: 20260126 | T96: OL | U96: 褲子 | V96: 長褲 | W96: 890 | X96: 39.99 | Y96: 115 | Z96: 639000 | AA96: 400500 | AB96: 528 | AD96: 追加單 | AE96: 2 | AF96: 0 | AI96: 20 | AJ96: 30 | AK96: 50 | AL96: 450 | AM96: 49 | AN96: 0 | AO96: 49 | AP96: Y | AQ96: 20260312 | AR96: B | AS96: B | AT96: A | AU96: B | AV96: 空氣層DNA企劃 洗滌注意： ※ 首次洗滌時,深色/飽和色系 較易釋出多餘的固色劑, 屬於正常現象。 ※ 深色衣物建議在首次穿著前先下水清洗, 有助釋出多餘染劑，減少掉色或移染, 可降低染色風險。 ※ 深色與淺色衣物請分開洗滌，避免互相染色或產生移染現象。 ※ 穿搭時請避免與淺色衣物、配件、飾品一同搭配使用，以防止因摩擦或潮濕而導致染色。 | AW96: Y | AX96: 2號袋、襯紙、A02-B釦 | AY96: 表布:嫘縈55%聚酯纖維40%彈性纖維5% 尺寸:S.S+.M.M+.L | AZ96: 4 | BA96: 4 | BB96: 3 | BC96: 2 | BD96: 2541823013001001 | BE96: R260112020 | BF96: B | BG96: 針織 | BH96: =IF(COUNTIF(工作表1!A:A, $C96)>0, "預購款", "非預購款") -> 非預購款
A97: https://airsblobstage.blob.core.windows.net/photo/purchasephoto/EB19517Q.webp | B97: EB | C97: 2541823013 | D97: EB19517Q | E97: 83-19517Q | F97: 20260112 | G97: 19517Q | H97: M+ | I97: 001 | J97: 黑 | K97: N | L97: 【AIR空氣棉零重力】完美腰線DNA雙扣直筒寬褲 | M97: 26 | N97: 冬 | O97: W2 | P97: 2026-01-05 | R97: 2026-01-05 09:00:00 | S97: 20260126 | T97: OL | U97: 褲子 | V97: 長褲 | W97: 890 | X97: 39.99 | Y97: 115 | Z97: 639000 | AA97: 400500 | AB97: 528 | AD97: 追加單 | AE97: 2 | AF97: 0 | AI97: 15 | AJ97: 15 | AK97: 30 | AL97: 450 | AM97: 29 | AN97: 0 | AO97: 29 | AP97: Y | AQ97: 20260312 | AR97: B | AS97: B | AT97: A | AU97: B | AV97: 空氣層DNA企劃 洗滌注意： ※ 首次洗滌時,深色/飽和色系 較易釋出多餘的固色劑, 屬於正常現象。 ※ 深色衣物建議在首次穿著前先下水清洗, 有助釋出多餘染劑，減少掉色或移染, 可降低染色風險。 ※ 深色與淺色衣物請分開洗滌，避免互相染色或產生移染現象。 ※ 穿搭時請避免與淺色衣物、配件、飾品一同搭配使用，以防止因摩擦或潮濕而導致染色。 | AW97: Y | AX97: 2號袋、襯紙、A02-B釦 | AY97: 表布:嫘縈55%聚酯纖維40%彈性纖維5% 尺寸:S.S+.M.M+.L | AZ97: 4 | BA97: 4 | BB97: 3 | BC97: 2 | BD97: 2541823013001018 | BE97: R260112020 | BF97: B | BG97: 針織 | BH97: =IF(COUNTIF(工作表1!A:A, $C97)>0, "預購款", "非預購款") -> 非預購款
A98: https://airsblobstage.blob.core.windows.net/photo/purchasephoto/EB19517Q.webp | B98: EB | C98: 2541823013 | D98: EB19517Q | E98: 83-19517Q | F98: 20260112 | G98: 19517Q | H98: M | I98: 001 | J98: 黑 | K98: N | L98: 【AIR空氣棉零重力】完美腰線DNA雙扣直筒寬褲 | M98: 26 | N98: 冬 | O98: W2 | P98: 2026-01-05 | R98: 2026-01-05 09:00:00 | S98: 20260126 | T98: OL | U98: 褲子 | V98: 長褲 | W98: 890 | X98: 39.99 | Y98: 115 | Z98: 639000 | AA98: 400500 | AB98: 528 | AD98: 追加單 | AE98: 2 | AF98: 0 | AI98: 15 | AJ98: 20 | AK98: 35 | AL98: 450 | AM98: 36 | AN98: 0 | AO98: 36 | AP98: Y | AQ98: 20260312 | AR98: B | AS98: B | AT98: A | AU98: B | AV98: 空氣層DNA企劃 洗滌注意： ※ 首次洗滌時,深色/飽和色系 較易釋出多餘的固色劑, 屬於正常現象。 ※ 深色衣物建議在首次穿著前先下水清洗, 有助釋出多餘染劑，減少掉色或移染, 可降低染色風險。 ※ 深色與淺色衣物請分開洗滌，避免互相染色或產生移染現象。 ※ 穿搭時請避免與淺色衣物、配件、飾品一同搭配使用，以防止因摩擦或潮濕而導致染色。 | AW98: Y | AX98: 2號袋、襯紙、A02-B釦 | AY98: 表布:嫘縈55%聚酯纖維40%彈性纖維5% 尺寸:S.S+.M.M+.L | AZ98: 4 | BA98: 4 | BB98: 3 | BC98: 2 | BD98: 2541823013001002 | BE98: R260112020 | BF98: B | BG98: 針織 | BH98: =IF(COUNTIF(工作表1!A:A, $C98)>0, "預購款", "非預購款") -> 非預購款
A99: https://airsblobstage.blob.core.windows.net/photo/purchasephoto/EB19517Q.webp | B99: EB | C99: 2541823013 | D99: EB19517Q | E99: 83-19517Q | F99: 20260112 | G99: 19517Q | H99: L | I99: 001 | J99: 黑 | K99: N | L99: 【AIR空氣棉零重力】完美腰線DNA雙扣直筒寬褲 | M99: 26 | N99: 冬 | O99: W2 | P99: 2026-01-05 | R99: 2026-01-05 09:00:00 | S99: 20260126 | T99: OL | U99: 褲子 | V99: 長褲 | W99: 890 | X99: 39.99 | Y99: 115 | Z99: 639000 | AA99: 400500 | AB99: 528 | AD99: 追加單 | AE99: 2 | AF99: 0 | AI99: 20 | AJ99: 20 | AK99: 40 | AL99: 450 | AM99: 39 | AN99: 0 | AO99: 39 | AP99: Y | AQ99: 20260312 | AR99: B | AS99: B | AT99: A | AU99: B | AV99: 空氣層DNA企劃 洗滌注意： ※ 首次洗滌時,深色/飽和色系 較易釋出多餘的固色劑, 屬於正常現象。 ※ 深色衣物建議在首次穿著前先下水清洗, 有助釋出多餘染劑，減少掉色或移染, 可降低染色風險。 ※ 深色與淺色衣物請分開洗滌，避免互相染色或產生移染現象。 ※ 穿搭時請避免與淺色衣物、配件、飾品一同搭配使用，以防止因摩擦或潮濕而導致染色。 | AW99: Y | AX99: 2號袋、襯紙、A02-B釦 | AY99: 表布:嫘縈55%聚酯纖維40%彈性纖維5% 尺寸:S.S+.M.M+.L | AZ99: 4 | BA99: 4 | BB99: 3 | BC99: 2 | BD99: 2541823013001003 | BE99: R260112020 | BF99: B | BG99: 針織 | BH99: =IF(COUNTIF(工作表1!A:A, $C99)>0, "預購款", "非預購款") -> 非預購款
A100: https://airsblobstage.blob.core.windows.net/photo/purchasephoto/EB19517Q.webp | B100: EB | C100: 2541823013 | D100: EB19517Q | E100: 83-19517Q | F100: 20260112 | G100: 19517Q | H100: S+ | I100: 035 | J100: 淺灰 | K100: N | L100: 【AIR空氣棉零重力】完美腰線DNA雙扣直筒寬褲 | M100: 26 | N100: 冬 | O100: W2 | P100: 2026-01-05 | R100: 2026-01-05 09:00:00 | S100: 20260126 | T100: OL | U100: 褲子 | V100: 長褲 | W100: 890 | X100: 39.99 | Y100: 115 | Z100: 639000 | AA100: 400500 | AB100: 528 | AD100: 追加單 | AE100: 2 | AF100: 0 | AI100: 15 | AJ100: 30 | AK100: 45 | AL100: 450 | AM100: 45 | AN100: 0 | AO100: 45 | AP100: Y | AQ100: 20260312 | AR100: B | AS100: B | AT100: A | AU100: B | AV100: 空氣層DNA企劃 洗滌注意： ※ 首次洗滌時,深色/飽和色系 較易釋出多餘的固色劑, 屬於正常現象。 ※ 深色衣物建議在首次穿著前先下水清洗, 有助釋出多餘染劑，減少掉色或移染, 可降低染色風險。 ※ 深色與淺色衣物請分開洗滌，避免互相染色或產生移染現象。 ※ 穿搭時請避免與淺色衣物、配件、飾品一同搭配使用，以防止因摩擦或潮濕而導致染色。 | AW100: Y | AX100: 2號袋、襯紙、A02-B釦 | AY100: 表布:嫘縈55%聚酯纖維40%彈性纖維5% 尺寸:S.S+.M.M+.L | AZ100: 4 | BA100: 4 | BB100: 3 | BC100: 2 | BD100: 2541823013035017 | BE100: R260112020 | BF100: B | BG100: 針織 | BH100: =IF(COUNTIF(工作表1!A:A, $C100)>0, "預購款", "非預購款") -> 非預購款
A101: https://airsblobstage.blob.core.windows.net/photo/purchasephoto/EB19517Q.webp | B101: EB | C101: 2541823013 | D101: EB19517Q | E101: 83-19517Q | F101: 20260112 | G101: 19517Q | H101: S | I101: 035 | J101: 淺灰 | K101: N | L101: 【AIR空氣棉零重力】完美腰線DNA雙扣直筒寬褲 | M101: 26 | N101: 冬 | O101: W2 | P101: 2026-01-05 | R101: 2026-01-05 09:00:00 | S101: 20260126 | T101: OL | U101: 褲子 | V101: 長褲 | W101: 890 | X101: 39.99 | Y101: 115 | Z101: 639000 | AA101: 400500 | AB101: 528 | AD101: 追加單 | AE101: 2 | AF101: 0 | AI101: 45 | AJ101: 80 | AK101: 125 | AL101: 450 | AM101: 133 | AN101: 0 | AO101: 133 | AP101: Y | AQ101: 20260312 | AR101: B | AS101: B | AT101: A | AU101: B | AV101: 空氣層DNA企劃 洗滌注意： ※ 首次洗滌時,深色/飽和色系 較易釋出多餘的固色劑, 屬於正常現象。 ※ 深色衣物建議在首次穿著前先下水清洗, 有助釋出多餘染劑，減少掉色或移染, 可降低染色風險。 ※ 深色與淺色衣物請分開洗滌，避免互相染色或產生移染現象。 ※ 穿搭時請避免與淺色衣物、配件、飾品一同搭配使用，以防止因摩擦或潮濕而導致染色。 | AW101: Y | AX101: 2號袋、襯紙、A02-B釦 | AY101: 表布:嫘縈55%聚酯纖維40%彈性纖維5% 尺寸:S.S+.M.M+.L | AZ101: 4 | BA101: 4 | BB101: 3 | BC101: 2 | BD101: 2541823013035001 | BE101: R260112020 | BF101: B | BG101: 針織 | BH101: =IF(COUNTIF(工作表1!A:A, $C101)>0, "預購款", "非預購款") -> 非預購款
... A109: https://airsblobstage.blob.core.windows.net/photo/purchasephoto/EB19477Q.webp | B109: EB | C109: 2541823014 | D109: EB19477Q | E109: 83-19477Q | F109: 20260102 | G109: 19477Q | H109: L | I109: 001 | J109: 黑 | K109: N | L109: 【AIR空氣棉零重力】完美腰線DNA雙扣喇叭長褲 | M109: 26 | N109: 冬 | O109: W2 | P109: 2026-01-05 | R109: 2026-01-05 09:00:00 | S109: 20260116 | T109: OL | U109: 褲子 | V109: 長褲 | W109: 890 | X109: 39.99 | Y109: 115 | Z109: 639000 | AA109: 623000 | AB109: 484 | AD109: 追加單 | AE109: 1 | AF109: 0 | AI109: 10 | AJ109: 60 | AK109: 70 | AL109: 700 | AM109: 75 | AN109: 0 | AO109: 75 | AP109: Y | AQ109: 20260130 | AR109: B | AS109: B | AT109: A | AU109: B | AV109: 空氣層DNA企劃 洗滌注意： ※ 首次洗滌時,深色/飽和色系 較易釋出多餘的固色劑, 屬於正常現象。 ※ 深色衣物建議在首次穿著前先下水清洗, 有助釋出多餘染劑，減少掉色或移染, 可降低染色風險。 ※ 深色與淺色衣物請分開洗滌，避免互相染色或產生移染現象。 ※ 穿搭時請避免與淺色衣物、配件、飾品一同搭配使用，以防止因摩擦或潮濕而導致染色。 | AW109: Y | AX109: 2號袋、襯紙、A02-B釦 | AY109: 表布:嫘縈55%聚酯纖維40%彈性纖維5% 尺寸S.S+.M.M+.L | AZ109: 4 | BA109: 4 | BB109: 3 | BC109: 2 | BD109: 2541823014001003 | BE109: R260119003 | BF109: B | BG109: 針織 | BH109: =IF(COUNTIF(工作表1!A:A, $C109)>0, "預購款", "非預購款") -> 非預購款
A110: https://airsblobstage.blob.core.windows.net/photo/purchasephoto/SH1827CB.webp | B110: SH | C110: 2610125005 | D110: SH1827C | E110: 252-1827C | F110: 20260225 | G110: 1827C | H110: F | I110: 017 | J110: 咖啡 | K110: N | L110: 【Hello Kitty聯名】刺繡印花造型連帽頸枕 | M110: 26 | N110: 春 | O110: W9 | P110: 2026-02-23 | R110: 2026-02-23 09:00:00 | S110: 20260311 | T110: AS | U110: 配件 | V110: 旅行用品 | W110: 890 | X110: 39.99 | Y110: 115 | Z110: 639000 | AA110: 400500 | AB110: 460 | AD110: 追加單 | AE110: 1 | AF110: 0 | AI110: 300 | AJ110: 150 | AK110: 450 | AL110: 450 | AM110: 450 | AN110: 0 | AO110: 450 | AP110: Y | AQ110: 20260408 | AT110: 1 | AU110: 1 | AV110: 26SS KITTY聯名 26KT蝴蝶結織標 聯名小物 (不可退換貨) 洗滌注意： ※ 首次洗滌時,深色/飽和色系 較易釋出多餘的固色劑, 屬於正常現象。 ※ 深色衣物建議在首次穿著前先下水清洗, 有助釋出多餘染劑，減少掉色或移染, 可降低染色風險。 ※ 深色與淺色衣物請分開洗滌，避免互相染色或產生移染現象。 ※ 穿搭時請避免與淺色衣物、配件、飾品一同搭配使用，以防止因摩擦或潮濕而導致染色。 | AW110: N | AX110: F09-A領標(無碼段) -帝一 F08-A洗標 -帝一 F07-A成份標 -帝一 F36-26KT蝴蝶結織標 -帝一 真空包裝(蘭溪市伊德家紡) 包裝貼紙 -帝一 | AY110: 頭套與頸枕布料相同材質: 表布:95%聚酯纖維 5%彈性纖維 裡布:95%聚酯纖維 5%彈性纖維 填充物:PP棉 | BD110: 2610125005017004 | BE110: R260225001 | BH110: =IF(COUNTIF(工作表1!A:A, $C110)>0, "預購款", "非預購款") -> 非預購款
A111: https://airsblobstage.blob.core.windows.net/photo/purchasephoto/SHY1896C.webp | B111: SHY | C111: 2610125002 | D111: SHY1896C | E111: 406-1896C | F111: 20260225 | G111: 1896C | H111: F | I111: 003 | J111: 藍 | K111: N | L111: 【Hello Kitty聯名】刺繡造型擦手巾 | M111: 26 | N111: 春 | O111: W9 | P111: 2026-02-23 | R111: 2026-02-23 09:00:00 | S111: 20260311 | T111: AS | U111: 配件 | V111: 擦手巾 | W111: 290 | X111: 12.99 | Y111: 39 | Z111: 209000 | AA111: 290000 | AB111: 65 | AD111: 追加單 | AE111: 2 | AF111: 0 | AI111: 200 | AJ111: 200 | AK111: 400 | AL111: 1000 | AM111: 401 | AN111: 0 | AO111: 401 | AP111: Y | AQ111: 20260320 | AT111: 1 | AU111: 1 | AV111: 26SS KITTY聯名 26KT蝴蝶結織標聯名小物 (不可退換貨) 粉:寬20.8CM * 高22CM 藍:寬24CM * 高22CM 洗滌注意： ※ 首次洗滌時,深色/飽和色系 較易釋出多餘的固色劑, 屬於正常現象。 ※ 深色衣物建議在首次穿著前先下水清洗, 有助釋出多餘染劑，減少掉色或移染, 可降低染色風險。 ※ 深色與淺色衣物請分開洗滌，避免互相染色或產生移染現象。 ※ 穿搭時請避免與淺色衣物、配件、飾品一同搭配使用，以防止因摩擦或潮濕而導致染色。 | AW111: N | AX111: D12 26KT聯名蝴蝶結吊牌 F06 A吊牌 +吊粒 F10 條碼吊牌 F36 26KT聯名蝴蝶結織標 F09 A無碼領標 F08 洗標 F07 成分標 打洞款OPP自黏袋 **加M字軌** | AY111: 材質:85%尼龍 15%聚酯纖維 尺寸:F | BD111: 2610125002003004 | BE111: R260225002 | BF111: A | BH111: =IF(COUNTIF(工作表1!A:A, $C111)>0, "預購款", "非預購款") -> 非預購款
A112: https://airsblobstage.blob.core.windows.net/photo/purchasephoto/SHY1896C.webp | B112: SHY | C112: 2610125002 | D112: SHY1896C | E112: 406-1896C | F112: 20260225 | G112: 1896C | H112: F | I112: 015 | J112: 粉紅 | K112: N | L112: 【Hello Kitty聯名】刺繡造型擦手巾 | M112: 26 | N112: 春 | O112: W9 | P112: 2026-02-23 | R112: 2026-02-23 09:00:00 | S112: 20260311 | T112: AS | U112: 配件 | V112: 擦手巾 | W112: 290 | X112: 12.99 | Y112: 39 | Z112: 209000 | AA112: 290000 | AB112: 65 | AD112: 追加單 | AE112: 2 | AF112: 0 | AI112: 300 | AJ112: 300 | AK112: 600 | AL112: 1000 | AM112: 596 | AN112: 0 | AO112: 596 | AP112: Y | AQ112: 20260320 | AT112: 1 | AU112: 1 | AV112: 26SS KITTY聯名 26KT蝴蝶結織標聯名小物 (不可退換貨) 粉:寬20.8CM * 高22CM 藍:寬24CM * 高22CM 洗滌注意： ※ 首次洗滌時,深色/飽和色系 較易釋出多餘的固色劑, 屬於正常現象。 ※ 深色衣物建議在首次穿著前先下水清洗, 有助釋出多餘染劑，減少掉色或移染, 可降低染色風險。 ※ 深色與淺色衣物請分開洗滌，避免互相染色或產生移染現象。 ※ 穿搭時請避免與淺色衣物、配件、飾品一同搭配使用，以防止因摩擦或潮濕而導致染色。 | AW112: N | AX112: D12 26KT聯名蝴蝶結吊牌 F06 A吊牌 +吊粒 F10 條碼吊牌 F36 26KT聯名蝴蝶結織標 F09 A無碼領標 F08 洗標 F07 成分標 打洞款OPP自黏袋 **加M字軌** | AY112: 材質:85%尼龍 15%聚酯纖維 尺寸:F | BD112: 2610125002015004 | BE112: R260225002 | BF112: A | BH112: =IF(COUNTIF(工作表1!A:A, $C112)>0, "預購款", "非預購款") -> 非預購款
A113: https://airsblobstage.blob.core.windows.net/photo/purchasephoto/SHY3435C.webp | B113: SHY | C113: 2610125003 | D113: SHY3435C | E113: 406-3435C | F113: 20260225 | G113: 3435C | H113: F | I113: 017 | J113: 咖啡 | K113: N | L113: 【Hello Kitty聯名】絨毛大頭造型收納購物袋吊飾 | M113: 26 | N113: 春 | O113: W9 | P113: 2026-02-23 | R113: 2026-02-23 09:00:00 | S113: 20260311 | T113: AS | U113: 配件 | V113: 吊飾 | W113: 690 | X113: 29.99 | Y113: 89 | Z113: 499000 | AA113: 1702230 | AB113: 90 | AD113: 追加單 | AE113: 1 | AF113: 0 | AI113: 1667 | AJ113: 800 | AK113: 2467 | AL113: 2467 | AM113: 2467 | AN113: 0 | AO113: 2467 | AP113: Y | AQ113: 20260408 | AT113: 1 | AU113: 1 | AV113: Hello Kitty 聯名小物 | AW113: N | AX113: F07 A 成份标 / F08 A 洗标 / F09 A 领标(不要尺碼) / 26KT聯名織標 / 卡紙+霧面透明袋 (帝一) | AY113: 材質: 表布 100%聚酯纖維 / 購物袋 100%聚酯纖維 尺寸: F KITTY造型頭 - 寬 15CM * 高 13CM 購物袋 - 寬 34CM * 高 60CM | BD113: 2610125003017004 | BE113: R260225003 | BF113: A | BH113: =IF(COUNTIF(工作表1!A:A, $C113)>0, "預購款", "非預購款") -> 非預購款
A114: https://airsblobstage.blob.core.windows.net/photo/purchasephoto/SJ0721CB.webp | B114: SJ | C114: 2610125001 | D114: SJ0721CB | E114: 346-0721CB | F114: 20260225 | G114: 0721CB | H114: ONE SIZE | I114: 001 | J114: 黑 | K114: N | L114: 【Hello Kitty聯名】刺繡圖案水洗棒球帽 | M114: 26 | N114: 春 | O114: W9 | P114: 2026-02-23 | R114: 2026-02-23 09:00:00 | S114: 20260311 | T114: AS | U114: 配件 | V114: 帽子 | W114: 790 | X114: 34.99 | Y114: 99 | Z114: 569000 | AA114: 205400 | AB114: 130 | AD114: 追加單 | AE114: 2 | AF114: 0 | AI114: 150 | AJ114: 60 | AK114: 210 | AL114: 260 | AM114: 210 | AN114: 0 | AO114: 210 | AP114: Y | AQ114: 20260320 | AT114: A | AU114: A | AV114: 26SS KITTY聯名 26KT蝴蝶結吊卡 26KT蝴蝶結織標 洗滌注意： ※ 首次洗滌時,深色/飽和色系 較易釋出多餘的固色劑, 屬於正常現象。 ※ 深色衣物建議在首次穿著前先下水清洗, 有助釋出多餘染劑，減少掉色或移染, 可降低染色風險。 ※ 深色與淺色衣物請分開洗滌，避免互相染色或產生移染現象。 ※ 穿搭時請避免與淺色衣物、配件、飾品一同搭配使用，以防止因摩擦或潮濕而導致染色。 | AW114: N | AX114: 2號袋 襯紙 D12-26KT蝴蝶結吊卡 F36-蝴蝶結織標 | AY114: 表布:棉100% 尺寸:S | AZ114: 1 | BA114: 3 | BB114: 3 | BC114: 2 | BD114: 2610125001001016 | BE114: R260225004 | BF114: A | BG114: 平織 | BH114: =IF(COUNTIF(工作表1!A:A, $C114)>0, "預購款", "非預購款") -> 非預購款
A115: https://airsblobstage.blob.core.windows.net/photo/purchasephoto/ZX11376.webp | B115: ZX | C115: 2610121048 | D115: ZX11376 | E115: 331-11376 | F115: 20260225 | G115: 11376 | H115: F | I115: 015 | J115: 粉紅 | K115: N | L115: 【Hello Kitty聯名】美背印花長袖寬版格紋襯衫 | M115: 26 | N115: 春 | O115: W9 | P115: 2026-02-23 | R115: 2026-02-23 09:00:00 | S115: 20260311 | T115: AS | U115: 上衣 | V115: 長袖襯衫 | W115: 990 | X115: 39.99 | Y115: 129 | Z115: 709000 | AA115: 267300 | AB115: 330 | AD115: 追加單 | AE115: 1 | AF115: 0 | AI115: 135 | AJ115: 135 | AK115: 270 | AL115: 270 | AM115: 273 | AN115: 0 | AO115: 273 | AP115: Y | AQ115: 20260330 | AT115: B | AU115: B | AV115: 26SS KITTY聯名 26KT蝴蝶結吊卡 26KT蝴蝶結織標 洗滌注意： ※ 首次洗滌時,深色/飽和色系 較易釋出多餘的固色劑, 屬於正常現象。 ※ 深色衣物建議在首次穿著前先下水清洗, 有助釋出多餘染劑，減少掉色或移染, 可降低染色風險。 ※ 深色與淺色衣物請分開洗滌，避免互相染色或產生移染現象。 ※ 穿搭時請避免與淺色衣物、配件、飾品一同搭配使用，以防止因摩擦或潮濕而導致染色。 | AW115: N | AX115: 2號袋 襯紙 D12-26KT蝴蝶結吊卡 F36-蝴蝶結織標 | AY115: 表布:聚酯纖維75% 嫘縈23% 彈性纖維2% 尺寸:F | AZ115: 1 | BA115: 4 | BB115: 1 | BC115: 1 | BD115: 2610121048015004 | BE115: R260225005 | BF115: A | BG115: 平織 | BH115: =IF(COUNTIF(工作表1!A:A, $C115)>0, "預購款", "非預購款") -> 非預購款
A116: https://airsblobstage.blob.core.windows.net/photo/purchasephoto/EB19685.webp | B116: EB | C116: 2610121035 | D116: EB19685 | E116: 83-19685 | F116: 20260225 | G116: 19685 | H116: S | I116: 002 | J116: 白 | K116: N | L116: 【Hello Kitty聯名】烤焦版凱蒂貓印花圓領短袖短版TEE | M116: 26 | N116: 春 | O116: W9 | P116: 2026-02-23 | R116: 2026-02-23 09:00:00 | S116: 20260311 | T116: AS | U116: 上衣 | V116: 短袖合身上衣 | W116: 590 | X116: 29.99 | Y116: 75 | Z116: 429000 | AA116: 1227200 | AB116: 140 | AD116: 追加單 | AE116: 3 | AF116: 0 | AI116: 40 | AJ116: 210 | AK116: 250 | AL116: 2080 | AM116: 255 | AN116: 0 | AO116: 255 | AP116: Y | AQ116: 20260330 | AT116: 1 | AU116: 1 | AV116: 26SS KITTY聯名 26KT蝴蝶結吊卡 26KT蝴蝶結織標 洗滌注意： ※ 首次洗滌時,深色/飽和色系 較易釋出多餘的固色劑, 屬於正常現象。 ※ 深色衣物建議在首次穿著前先下水清洗, 有助釋出多餘染劑，減少掉色或移染, 可降低染色風險。 ※ 深色與淺色衣物請分開洗滌，避免互相染色或產生移染現象。 ※ 穿搭時請避免與淺色衣物、配件、飾品一同搭配使用，以防止因摩擦或潮濕而導致染色。 | AW116: N | AX116: 2號袋 襯紙 D12-26KT蝴蝶結吊卡 F36-蝴蝶結織標 | AY116: 表布:棉93.7% 彈性纖維6.3% 尺寸:S M L | AZ116: 3 | BA116: 2 | BB116: 2 | BC116: 1 | BD116: 2610121035002001 | BE116: R260225006 | BF116: A | BG116: 針織 | BH116: =IF(COUNTIF(工作表1!A:A, $C116)>0, "預購款", "非預購款") -> 非預購款
...

Sheet 工作表1
A1: 商品編號 | B1: 款號
A2: 2621821011 | B2: XY62742Q
A3: 2621823005 | B3: XY62743Q
A4: 2620823002 | B4: XY62743QF
A5: 2621825002 | B5: SHY2601QC
A6: 2620121009 | B6: EB19694
A7: 2620821010 | B7: EB19694F
A8: 2620121008 | B8: EB19919
A9: 2620129003 | B9: GE00716
A10: 2620122002 | B10: XY62810
A11: 2620822002 | B11: XY62810F
A12: 2610125007 | B12: XY818C
... A24: 2620125005 | B24: SHY1014C
